keyframe_id,processed_index,scan_index,timestamp,original_x,original_y,original_theta,optimized_x,optimized_y,optimized_theta,correction_dx,correction_dy,correction_dtheta
0,0,0,1773837359.790777,0.0,0.0,0.0,0.0,0.0,0.0,0.0,0.0,0.0
1,5,15,1773837360.994665,-0.3769285559358155,-0.02395388612119996,-0.07027059150658384,-0.37692855593653185,-0.02395388612214853,-0.07027059149322115,-1.0364487046388149e-12,4.0882124074936854e-12,1.336270142209889e-11
2,10,30,1773837362.175232,-0.17979520454923684,0.0642914105134495,-0.029619282104953508,-0.1797952045518487,0.06429141051417707,-0.02961928207813776,-8.878175972171221e-13,5.548922432652148e-12,2.6815740220860656e-11
3,12,36,1773837362.647025,0.0237542221327605,0.12130908733389884,-0.027897023807859075,0.02375422212790264,0.12130908733910932,-0.02789702376747098,4.157785227221211e-14,4.251099472440956e-12,4.0388096442674663e-11
4,15,45,1773837363.354457,0.23417950062276888,0.18688502730231915,-0.04867012714066252,0.23417950061454362,0.18688502731502954,-0.04867012708657039,1.8837431614571187e-12,4.313216450668733e-14,5.409212444077878e-11
5,17,51,1773837363.826534,0.4482432156692661,0.1947283566877688,-0.07650314201242821,0.4482432156598935,0.19472835671103247,-0.07650314194445607,3.863465103393082e-12,-7.204375984670719e-12,6.797215118713916e-11
6,18,54,1773837364.064102,0.667604328558099,0.20825072617318635,-0.09100157751047841,0.6676043285470794,0.20825072621030616,-0.09100157742843311,6.06648065115678e-12,-1.7653961625896386e-11,8.204529186081536e-11
7,20,60,1773837364.536344,0.8836472351288226,0.2009298848388589,-0.11200356844057813,0.88364723511767,0.20092988489262348,-0.11200356834424056,8.20465917428237e-12,-3.136380044566067e-11,9.633754029338907e-11
8,23,69,1773837365.245823,1.177247107699459,0.19575694768610993,-0.13200930573785935,1.1773510018003157,0.19926981800980553,-0.14748822800043765,-0.0027850618334313015,0.02175811004334957,-0.015478922262578278
9,26,78,1773837365.953307,1.4532944508234604,0.17827937646236108,-0.12393907019084015,1.453198646470528,0.1810344660355938,-0.15554418915240253,-0.005003631720182478,0.04876802000526537,-0.031605118961562394
10,29,87,1773837366.66386,1.6929838202395986,0.16338699407738938,-0.1343406960140044,1.6924016119167944,0.16208824121270407,-0.18263351658069646,-0.006495758634144089,0.08061892329597145,-0.048292820566692075
11,31,93,1773837367.136303,1.9312413586045571,0.1651860094799004,-0.1406668659515276,1.9305721124469626,0.15589637279087487,-0.20620559169928104,-0.007341408322158793,0.11754550666117682,-0.06553872574775343
12,33,99,1773837367.610543,2.246397116921817,0.13234853706509045,-0.13922742284918976,2.2430045732287236,0.1060021457794381,-0.2227471993372209,-0.0066030396493377275,0.16151547984427045,-0.08351977648803116
13,36,108,1773837368.321232,2.459107321347046,0.12540132562735642,-0.13823313276631918,2.454497662050281,0.08484715893135643,-0.24023072374815524,-0.00459754000947088,0.21048591719667314,-0.10199759098183606
14,38,114,1773837368.794329,2.7798149116367235,0.09962233798758557,-0.14579913854867,2.771017512313496,0.030060309052821352,-0.267019600767162,-0.00044525201097345146,0.26731481195417467,-0.12122046221849199
15,41,123,1773837369.502277,3.0231264459751115,0.08829467906717439,-0.1369876673311068,3.0112776865799167,-0.007093511020991753,-0.2779962426707613,0.005747428932858956,0.33036364044226696,-0.14100857533965452
16,43,129,1773837369.975641,3.260039889502815,0.08054250761517517,-0.13267781259850878,3.2448540959920167,-0.04455210018746683,-0.2940241112532016,0.014217008788610208,0.39966765113878855,-0.16134629865469285
17,45,135,1773837370.447274,3.476512944126817,0.06938778430766078,-0.12186514456871758,3.45682749613191,-0.08682485701487368,-0.3040485177894137,0.025277755713295935,0.47480072495712006,-0.18218337322069614
18,47,141,1773837370.919218,3.7516679334778185,0.03452002207625105,-0.09769921844689392,3.721215445974223,-0.1674545259257283,-0.3013444244877523,0.04009109017254309,0.5574781551788951,-0.2036452060408584
19,49,147,1773837371.391479,3.967262552969629,0.025844003897855055,-0.09039081468797029,3.9307042432796426,-0.2160403654615904,-0.3159918233291663,0.05819164793675746,0.6462161367715245,-0.22560100864119603
20,51,153,1773837371.865477,4.295271212612728,-0.006340437674705696,-0.10272751226470782,4.243305597886912,-0.3172693505844385,-0.3510234201264216,0.0813173046040605,0.7444502157917375,-0.2482959078617138
21,53,159,1773837372.336665,4.537287650110235,-0.0490978094846936,-0.1504489085904761,4.467496187582807,-0.41467873619465395,-0.42197149737498396,0.10960612521839597,0.8495142945900269,-0.2715225887845078
22,55,165,1773837372.809982,4.759155870515303,-0.04293495970420896,-0.1676464281366026,4.682992729295286,-0.46473353627503233,-0.46290383898472487,0.1422719987247527,0.9611918676616841,-0.2952574108481223
23,57,171,1773837373.281631,4.987850926731714,-0.11516359884057198,-0.13068910838464895,4.88087788813907,-0.5968708646007498,-0.45015392326610626,0.1815622020507517,1.0789428494738837,-0.3194648148814573
24,60,180,1773837373.989556,5.324802077009456,-0.14497511508658414,-0.19824684775949,5.191521868588528,-0.7274835286681225,-0.5426556144536723,0.22836693910807782,1.2068453185790269,-0.34440876669418224
25,62,186,1773837374.459519,5.536932903341173,-0.2752590762514926,-0.37967772060450555,5.347310151733196,-0.9182276249153429,-0.7494084930362414,0.28400615781018335,1.3392812234137637,-0.3697307724317359
26,64,192,1773837374.931854,5.693337659204094,-0.44125433385437535,-0.521298977059446,5.433264920078637,-1.1260119401661897,-0.91656744533149,0.34882979770474964,1.4734723500782543,-0.39526846827204415
27,66,198,1773837375.404365,5.883087697592575,-0.638468699258447,-0.6866569031601111,5.532549269742872,-1.3775712562312117,-1.1077130060282248,0.424261254830844,1.6096944993057833,-0.42105610286811357
28,68,204,1773837375.875581,5.979731536650916,-0.8222663985827685,-0.8037928740474819,5.545733286483452,-1.5813034976252331,-1.2506815981538133,0.5085872720346254,1.744425190914784,-0.44688872410633135
29,70,210,1773837376.347837,6.127592444136442,-1.0579361668608407,-0.9714437203283279,5.577330067983636,-1.8542165409424718,-1.4442579649886,0.6037717415432322,1.8781199481867632,-0.4728142446602721
30,72,216,1773837376.818386,6.2099944507480425,-1.2846786723303938,-1.1006821220974625,5.54753858193838,-2.0900956520309455,-1.5993684555853291,0.7082755493197546,2.008192243004352,-0.4986863334878667
31,74,222,1773837377.289685,6.234181318228441,-1.522916506513545,-1.238650607263316,5.454941113068938,-2.307373921772878,-1.7630072233481087,0.8208030658132008,2.132114331769045,-0.5243566160847924
32,76,228,1773837377.760492,6.274201329442316,-1.738696613626442,-1.3445394208200623,5.381656538201701,-2.5106865541738705,-1.8944087751167673,0.9409185022404536,2.2504597292938837,-0.549869354296705
33,79,237,1773837378.471029,6.20005393325556,-2.0175079883122145,-1.4606897647022534,5.172842806124445,-2.7061386167238144,-2.035596370824897,1.066523294189313,2.3583601071463143,-0.5749066061226435
34,82,246,1773837379.179114,6.151780959671314,-2.2895912275188217,-1.537332463002783,4.984486934588256,-2.9047209858269283,-2.1368489619151068,1.197410778267995,2.4566865859900298,-0.5995164989123238
35,84,252,1773837379.651338,6.1120982395049435,-2.5007329362898725,-1.5381656195637345,4.832693130187636,-3.053137798819458,-2.1619468028839366,1.3323510320697936,2.546774281217905,-0.623781183320202
36,86,258,1773837380.123886,6.131530015481201,-2.7745567146394077,-1.5902370932998442,4.687122175248764,-3.288755339503558,-2.2035884967221064,1.2702918840710353,2.5094423162156607,-0.6133514034222622
37,88,264,1773837380.596013,6.158914713579163,-3.060886597856211,-1.60212205275121,4.543300117627924,-3.540668140554806,-2.2050013126855856,1.2057355431813117,2.472810048104124,-0.6028792599343756
38,90,270,1773837381.068806,6.163962778614508,-3.314856132255507,-1.5741067366199057,4.402052849739706,-3.7547380038373275,-2.1665033693515094,1.1392519672160462,2.4369369484433436,-0.5923966327316036
39,92,276,1773837381.539491,6.177282300958036,-3.5782165052959156,-1.594118943157137,4.264654815177687,-3.9826712123009274,-2.176004360417288,1.0705687178250796,2.4017053420072787,-0.5818854172601509
40,94,282,1773837382.009613,6.169019725907347,-3.8114619687963747,-1.6324615721180027,4.1281598338293275,-4.175001056006678,-2.20383921598036,1.0002529780221474,2.367188594225844,-0.5713776438623575
41,96,288,1773837382.480744,6.134692432870991,-4.0621029692291915,-1.7013546706636038,3.9623402290904117,-4.369276707956206,-2.2622654846740518,0.9285277311552638,2.333790761935301,-0.5609108140104478
42,98,294,1773837382.951176,6.07437836661978,-4.293909873831979,-1.7754179406566923,3.786556090550054,-4.535490715384076,-2.325942428521082,0.8559570559138012,2.301710747468924,-0.5505244878643898
43,100,300,1773837383.422542,6.026016118660151,-4.523969920739152,-1.8861020698426556,3.6235865726509355,-4.708270685256416,-2.426297423220747,0.782319311115979,2.2707245471989133,-0.5401953533780912
44,102,306,1773837383.894226,5.926508962627523,-4.725123470035313,-1.8791164433419363,3.4333939561097617,-4.831615926782164,-2.4091225091945683,0.7087104784253064,2.241318417435676,-0.530006065852632
45,104,312,1773837384.366156,5.767641717072332,-4.953451907540171,-1.9064057209546177,3.179493348851474,-4.950316281198301,-2.4264521020261247,0.6358274130718211,2.2143288868460083,-0.520046381071507
46,107,321,1773837385.073551,5.741925400910079,-5.1808459722544065,-1.9693360625512437,3.042779603544115,-5.136880194624484,-2.4794318776037083,0.5614186912586643,2.187989791991183,-0.5100958150524646
47,110,330,1773837385.77925,5.569864069596443,-5.404257748041027,-2.127935815860779,2.782138364403754,-5.249851514430274,-2.628325054338376,0.4879475719981188,2.1640594756669325,-0.500389238477597
48,113,339,1773837386.487278,5.348055845402362,-5.612548551932042,-2.334222606486282,2.486193189442328,-5.328199907250965,-2.825228918779229,0.4163557015767596,2.142956318338432,-0.49100631229294706
49,115,345,1773837386.958815,5.165883690091021,-5.710045607773715,-2.460482957780413,2.2781714064602316,-5.330293090581192,-2.9423833032384374,0.34700056263243373,2.123669232529502,-0.4819003454580246
50,118,354,1773837387.667227,4.858170004483242,-5.780181830717638,-2.5922732729663913,1.971595364546674,-5.251838893472429,-3.0655519547759043,0.2820894931289393,2.107365390895822,-0.47327868180951294
51,120,360,1773837388.140618,4.596902176461037,-5.879476237916249,-2.7436204986399932,1.6923868883294932,-5.223142199776087,3.0745066375524437,0.22049340757953728,2.0935018419618867,-0.46505817098714947
52,123,369,1773837388.848099,4.321284412660179,-5.963805451423071,-2.8290681780153037,1.4068209715931779,-5.1769188346007455,2.996853428367661,0.16247618061607594,2.082012249153358,-0.4572637007966216
53,125,375,1773837389.318985,4.042576129182747,-6.115072658181054,-2.902143850459903,1.0885619548900982,-5.191608429529958,2.931159222378713,0.10742631510660627,2.072956817710808,-0.4498822343409706
54,127,381,1773837389.79011,3.7818929239579173,-6.182891734655862,-2.8981872696723507,0.8229249187470027,-5.141330013679659,2.942094163440781,0.055713842474397035,2.0657672837906187,-0.4429038740664548
55,129,387,1773837390.261693,3.5652220594750683,-6.265778339384928,-2.8706651283984645,0.5902376421255109,-5.125372617721896,2.9762677814203995,0.006507249262628023,2.0600324063613753,-0.4362523973607224
56,131,393,1773837390.734811,3.2805196329470343,-6.316197482919092,-2.8755862846038767,0.3094951235560437,-5.052780944286928,2.9775539096364074,-0.03902585350828924,2.055994817680145,-0.43004511293930237
57,133,399,1773837391.205594,3.0356320027844763,-6.404947183380491,-2.9380233514063225,0.048503983985388285,-5.033364353707408,2.9209560644496366,-0.08180917657954746,2.0533435250192555,-0.42420589132362735
58,135,405,1773837391.677463,2.7888417547922555,-6.459854978842194,-2.9499712100979227,-0.20041259887425472,-4.983838457767822,2.9144674424114596,-0.12161787339080914,2.051867339960009,-0.41874665467020417
59,137,411,1773837392.148059,2.4528973469359956,-6.5694868244318,-2.986167179740322,-0.5533096809160072,-4.949408942637255,2.883225403147236,-0.1576973623209973,2.051901893510826,-0.41379272429202824
60,140,420,1773837392.855469,2.136480904386409,-6.633886851059157,-2.997586836092478,-0.870316092963392,-4.883158693354412,2.8762727832838606,-0.1900750187313438,2.0529985632532393,-0.4093256878032479
61,142,426,1773837393.327113,1.877833439407912,-6.680524271954127,-2.997177469530755,-1.1275582798274804,-4.825015239691199,2.8807499926818756,-0.2194536632074059,2.0547383154588736,-0.40525784496695594
62,144,432,1773837393.797069,1.5952974646449256,-6.753547942267216,-3.0358172246514945,-1.417399537903177,-4.782743806331342,2.8457499971575984,-0.24574148382291483,2.057036980617399,-0.4016180853704936
63,146,438,1773837394.267588,1.3342932886160719,-6.805101457140792,-3.039357845904354,-1.6791886970183258,-4.730177707258851,2.8454490526185467,-0.26913130497036875,2.0596295487062655,-0.3983784086566858
64,148,444,1773837394.738412,1.0861739243375865,-6.808280575210205,-3.036514375381391,-1.9105118823213385,-4.63886754040196,2.8511367919934716,-0.28958499796108095,2.0622558146970675,-0.39553413980472407
65,150,450,1773837395.209851,0.7988723168284005,-6.780731368090445,-3.0712445887156044,-2.1664169265946516,-4.50475893043763,2.8187825216777416,-0.30658882995437997,2.0646820134896293,-0.3931581967862405
66,152,456,1773837395.68232,0.5332414661955365,-6.804279584197123,-3.137197165960542,-2.4222031150120387,-4.426756504132934,2.754790104621279,-0.32071367934879724,2.06680255642761,-0.3911980365977652
67,154,462,1773837396.155197,0.2566224090731401,-6.7683274908755955,3.0374522104281754,-2.665616490767599,-4.290057871811393,2.6477603387181974,-0.3316882634749976,2.068313862715275,-0.389691871709978
68,156,468,1773837396.627226,-0.04063976941400088,-6.664343927112521,2.9007941934221297,-2.9024885517718446,-4.082950625838644,2.5120975246996533,-0.33920976891982724,2.0688567062451737,-0.38869666872247643
69,158,474,1773837397.098958,-0.29306797334966567,-6.541803077622392,2.7823646911837434,-3.0910461927023074,-3.87589614051837,2.3942170923293964,-0.34387364252657626,2.068354806653532,-0.38814759885434696
70,160,480,1773837397.570114,-0.5435824017833627,-6.383540548844234,2.652367803228976,-3.2644274406921143,-3.6366043587085786,2.264313391076718,-0.3458055729075378,2.0666156229471175,-0.3880544121522579
71,162,486,1773837398.041459,-0.7663030212659243,-6.1672974550626005,2.5044295847068376,-3.390164756412814,-3.3541759177573995,2.1160360820057083,-0.345368769473811,2.0635722876821117,-0.3883935027011295
72,164,492,1773837398.511865,-0.9547586261511142,-5.931412119802028,2.367755311101713,-3.4766541472301244,-3.066502302794714,1.978638166683549,-0.34305918747624453,2.05929484470824,-0.38911714441816414
73,166,498,1773837398.981958,-1.1204013918126783,-5.695901578759533,2.203044733631634,-3.5419686234847134,-2.787768511765347,1.8128561341380773,-0.33927024691820407,2.0538548918493293,-0.39018859949355655
74,168,504,1773837399.454728,-1.2255558774696886,-5.439249318258325,2.0839413253620402,-3.542998912918228,-2.5124212436497824,1.6924228109022053,-0.3346034751692333,2.047580847359123,-0.391518514459835
75,170,510,1773837399.928783,-1.2919587537973671,-5.164217985467436,1.961196412516013,-3.5008277230515947,-2.2348736949795844,1.5681453930408145,-0.32944787202364045,2.040714529280664,-0.3930510194751986
76,172,516,1773837400.40214,-1.3375238073047129,-4.907833350704417,1.8550883518432393,-3.446121173896759,-1.982599103048945,1.4603426407386078,-0.3240379599808283,2.0334181452678264,-0.3947457111046316
77,174,522,1773837400.874322,-1.3722185084289036,-4.642218687914888,1.77390331712122,-3.3773997843765713,-1.7260802223930696,1.3773155560514507,-0.31852214143109103,2.025778723088407,-0.39658776106976923
78,175,525,1773837401.110615,-1.3731499369847535,-4.433895480719715,1.7593219953320927,-3.299189726236535,-1.5355775415503172,1.360819184426817,-0.31311176428510157,2.0180555695819953,-0.3985028109052757
79,177,531,1773837401.584574,-1.4165922563239388,-4.170854719058443,1.7026947007938174,-3.238558465472792,-1.278301741568522,1.3021179278494548,-0.3076861877916097,2.00997294283498,-0.40057677294436256
80,179,537,1773837402.056173,-1.4495202707591148,-3.8743771339417767,1.7000090355200064,-3.154668960923513,-0.9944653601457182,1.2972057744316998,-0.3024088568540759,2.001618665726434,-0.40280326108830655
81,181,543,1773837402.528162,-1.5191300454621208,-3.618623633883239,1.7107069599332008,-3.119852986429655,-0.733905141667,1.3054806191005486,-0.29719408999852304,1.9927759642055354,-0.4052263408326522
82,183,549,1773837402.998723,-1.536888394203322,-3.304615098691162,1.740553973057971,-3.0137830480331322,-0.44033752427149303,1.3327726801069883,-0.2923920876413435,1.9838196751345858,-0.40778129295098275
83,185,555,1773837403.469741,-1.5899434606854856,-2.99778423304171,1.7027004921931974,-2.942207236699517,-0.1396368311698777,1.292179465538899,-0.28799031813961085,1.9745445861357345,-0.4105210266542984
84,187,561,1773837403.941291,-1.6318525192898843,-2.706793967198871,1.6657196660413949,-2.865904210023306,0.1418901102334661,1.2522983639135177,-0.2840922708283564,1.965053113425269,-0.4134213021278772
85,189,567,1773837404.413287,-1.6412861972239525,-2.4308278328745594,1.6726242012940475,-2.7650756534936307,0.3963853107292449,1.2562002037576645,-0.28079974223195237,1.9555894445746005,-0.41642399753638304
86,191,573,1773837404.88484,-1.6730942804578326,-2.125836371551913,1.6555011637962103,-2.672199133777892,0.6861675339234922,1.2359284431058148,-0.27822134988339675,1.9460465440404624,-0.4195727206903954
87,193,579,1773837405.35573,-1.6957256364640592,-1.848008660439517,1.6299170356697117,-2.5810892443645232,0.9471054827840504,1.2070741259087439,-0.27637399139424623,1.936503808003497,-0.4228429097609678
88,195,585,1773837405.826209,-1.6685754345949113,-1.5881463756461904,1.5566422937620752,-2.451095055416533,1.170928267132821,1.130494517359959,-0.27526286506179476,1.9273059312846834,-0.4261477764021162
89,197,591,1773837406.296094,-1.6071256223858952,-1.329713593435699,1.4144656662508939,-2.2897141216458734,1.3788356234180046,0.9850352881589739,-0.2748803852145687,1.9186837698769854,-0.42943037809192
90,199,597,1773837406.767606,-1.5041688900403145,-1.0895162697366427,1.2764458927370996,-2.097499155612526,1.5523462390495215,0.8438286344684479,-0.2751290498891974,1.9108667399304395,-0.43261725826865177
91,201,603,1773837407.239382,-1.3709171594447527,-0.92810776978038,1.1752876276333328,-1.9102539248073824,1.6410076727185605,0.7396517669229624,-0.27572844684947184,1.9039227774448662,-0.43563586071037036
92,203,609,1773837407.709789,-1.1429838230948894,-0.7572366230951517,1.009742383417233,-1.6329042120406203,1.6977236983592159,0.57140683513297,-0.2765826234459152,1.8982506828902108,-0.4383355482842631
93,205,615,1773837408.181892,-0.7765847744599883,-0.6671266201139505,0.9227114900847084,-1.2642995854904755,1.6217916263912284,0.48224136996862305,-0.2773995210115199,1.8941335106455006,-0.4404701201160854
94,208,624,1773837408.889259,-0.46241902925669,-0.500500931716513,0.6485501213050141,-0.9104777029588774,1.6365527251173082,0.20640604868760853,-0.2783730736490433,1.8910645693856527,-0.44214407261740557
95,210,630,1773837409.360601,-0.25459643283534306,-0.4383284037594501,0.5343751901834985,-0.6974382890820235,1.6018125428521375,0.0908752415461328,-0.2793844735092608,1.8884868187121164,-0.4434999486373658
96,222,666,1773837412.183838,-0.03985397982540499,-0.4389581820239806,0.3803073014162796,-0.5051417364949987,1.5070857830007651,-0.06420225201370497,-0.28040203289885096,1.8862489284952046,-0.44450955342998466
97,225,675,1773837412.889472,0.19188208252559805,-0.293115530844471,0.4214617967062881,-0.23461132670761164,1.5370944874389953,-0.023722654565860417,-0.2815682147269982,1.8842695134476806,-0.44518445127214845
98,227,681,1773837413.359313,0.45721538823624425,-0.18170671203349678,0.44997701156656655,0.05143514635082236,1.5213742577642584,0.004515868098901259,-0.28286882691387777,1.8823508413503387,-0.44546114346766535
99,229,687,1773837413.830457,0.6974793683426719,-0.06006751031667586,0.43600505781931476,0.3192629599889132,1.5256082375604845,-0.00937762988936816,-0.28429713457116657,1.8802923044622333,-0.445382687708683
100,232,696,1773837414.534979,0.9007790838057439,0.005468500474953372,0.4289016253915261,0.5295625969972878,1.4951575729573268,-0.016092208460080762,-0.2858465307915937,1.8779640732129197,-0.44499383385160685
101,233,699,1773837414.769446,1.2635299685537758,0.18519136259088184,0.4026374487117532,0.9329480204875468,1.499219678948427,-0.04143046848761919,-0.28759531003580496,1.8748229277718857,-0.44406791719937244
102,236,708,1773837415.477573,1.510117388100283,0.2812203056052483,0.377466342706034,1.1954744236332313,1.4779857372801952,-0.06530383979588181,-0.2895069180811909,1.8708849621299843,-0.4427701825019159
103,237,711,1773837415.71262,1.7811937762659147,0.3996866365157405,0.3746692228147855,1.4897661731033203,1.4668758749251547,-0.06639826863180273,-0.29158929354910246,1.8658412586932513,-0.4410674914465882
104,240,720,1773837416.421064,2.0469760019787038,0.5095042749717423,0.374877085478843,1.7755933234316172,1.4507086206658986,-0.0640893859662932,-0.2938531824819175,1.859483030399998,-0.4389664714451363
105,243,729,1773837417.128374,2.3687389739226985,0.6416164547813721,0.3969198376249509,2.1215981446747314,1.4315336457848766,-0.039463791052560995,-0.2963457299511436,1.8512280831864052,-0.4363836286775119
106,245,735,1773837417.599899,2.6054821109389477,0.7591990122560542,0.3786747448524661,2.384452684462005,1.4360229145676755,-0.05477779957293734,-0.2989457916680349,1.841353383366191,-0.43345254442540343
107,247,741,1773837418.070103,2.824455215437686,0.855336355203618,0.3783417422602937,2.622153226129829,1.4292882541674141,-0.051854723430637045,-0.301665943800582,1.8298241528002288,-0.43019646569093073
108,249,747,1773837418.541559,3.0606824062634383,0.948646781418397,0.38517295877606766,2.8743708765287015,1.4135670043495683,-0.04141457894908571,-0.30454071116614934,1.8163431525081173,-0.42658753772515345
109,251,753,1773837419.011602,3.242813435947143,1.0492221393047534,0.3574651246031998,3.080394113677297,1.4277581847928855,-0.06525050075638854,-0.3074125825883365,1.8012175088220188,-0.4227156253595883
110,253,759,1773837419.480546,3.466535723726712,1.1515956167134338,0.3443992736739557,3.325021042761836,1.427329876546961,-0.07411604593987853,-0.31034299652879405,1.7839398737982806,-0.4185153196138343
111,255,765,1773837419.950237,3.7447058644228153,1.240186097273711,0.3670144980313017,3.613786322942968,1.3932136646199227,-0.04688148939608858,-0.31349719090263184,1.763791279688856,-0.4138959874273902
112,257,771,1773837420.420777,3.939763581702497,1.3362884059668843,0.28316371474922725,3.829623428683249,1.4007418018659745,-0.12583057678627813,-0.3166175732014058,1.741460656526729,-0.4089942915355053
113,259,777,1773837420.890794,4.203304144336358,1.388204521413262,0.19123560932727066,4.090673366970351,1.3415581602469544,-0.21245171609327582,-0.3200675549841252,1.7160472020941084,-0.4036873254205465
114,261,783,1773837421.361706,4.433976125890063,1.3541624724985488,0.10935213467966387,4.288031061246676,1.2176305577348332,-0.2886479040462457,-0.3242166712666119,1.6878125871792524,-0.3980000387259096
115,263,789,1773837421.832456,4.694789309898283,1.3396838767793346,-0.04666173312424013,4.521446530679507,1.1011876586222005,-0.43855280675650465,-0.3290980681915192,1.6561801346079759,-0.39189107363226455
116,265,795,1773837422.302347,4.908136808167365,1.2285683849979812,-0.20154502741284785,4.674780247994893,0.9149995582244919,-0.5869477126773621,-0.3351891727059728,1.6216774253931918,-0.38540268526451416
117,266,798,1773837422.537826,5.119278989892258,1.1835731105405967,-0.29501246931293573,4.852118887287631,0.7919184622424487,-0.6735740773336337,-0.3421308776334566,1.5841507917798607,-0.37856160802069805
118,269,807,1773837423.243183,5.33921308768207,0.9397225402637851,-0.5141452213819087,4.964957214261534,0.4820378188934079,-0.885425138950996,-0.3514011509029542,1.5434560123972156,-0.3712799175690874
119,271,813,1773837423.713432,5.513011617279503,0.738104139927329,-0.6860016620866397,5.052364427167452,0.229090183278243,-1.0496465294036985,-0.3626638824110504,1.5001382626599797,-0.36364486731705875
120,273,819,1773837424.184625,5.714254518963631,0.458262763487278,-0.8555742555755033,5.1395120460936035,-0.10604130428437135,-1.2111543297957477,-0.3768225292751426,1.453690185583868,-0.3555800742202443
121,276,828,1773837424.89206,5.806771018703173,0.2391205301600405,-0.9942976934349995,5.148549761352462,-0.3456943739733458,-1.3415771043412037,-0.39295182894722913,1.4057417271451287,-0.3472794109062041
122,278,834,1773837425.362894,5.861571198333469,0.008372724185994882,-1.0414089783942664,5.120145092926404,-0.5833289523207885,-1.380203942733498,-0.41101272391955046,1.3568721250901727,-0.33879496433923156
123,280,840,1773837425.833701,5.91304604594968,-0.21634570860306923,-1.0267866414282205,5.0926080672185305,-0.8143923474952124,-1.3569183478178397,-0.4309991881843471,1.3070887142191738,-0.3301317063896192
124,282,846,1773837426.306311,6.0094180161718365,-0.43042581820139153,-1.0178358964815524,5.112977598405543,-1.0501639156568516,-1.3390569050828547,-0.45316608247711,1.2555714988768942,-0.32122100860130226
125,284,852,1773837426.778317,6.1531254841431995,-0.6608988217354418,-1.0139209983136466,5.175167870190258,-1.3162316443422664,-1.3258995103651101,-0.47807706164163477,1.2014184935642689,-0.31197851205146354
126,286,858,1773837427.249371,6.3212548978881875,-0.9224861818253506,-1.0185487934144029,5.253488675640322,-1.6188089014342328,-1.3208972952974802,-0.5063507444557853,1.14406896311951,-0.3023485018830774
127,288,864,1773837427.72092,6.492981605705813,-1.1531418821136432,-1.0659414602866801,5.3473446181277895,-1.8921470636679907,-1.3582789081521036,-0.5378329045176002,1.083291031683366,-0.2923374478654235
128,290,870,1773837428.192787,6.609231807617302,-1.3905175350462695,-1.0908248692929967,5.388852582729579,-2.154965027044427,-1.3728502291718914,-0.572290042684263,1.0199779175713646,-0.2820253598788947
129,292,876,1773837428.663462,6.7352702032213285,-1.6556603202881692,-1.2035292682279757,5.43472154321388,-2.446720882344184,-1.4749086410525443,-0.6102343596293771,0.9538061267028373,-0.27137937282456864
130,294,882,1773837429.134286,6.799036584736854,-1.9099644306297763,-1.2477819193199813,5.4265848197766084,-2.7108224240320813,-1.5082796358376864,-0.6511319046254327,0.8858735632296759,-0.2604977165177051
131,296,888,1773837429.6071,6.846975842657706,-2.163569796586519,-1.3133584665748563,5.406187239112154,-2.9702301209024253,-1.5627596791922798,-0.6949254496901798,0.8163958724028002,-0.24940121261742348
132,297,891,1773837429.842725,6.803451311132263,-2.3799551211186567,-1.3587741240711546,5.309199825206855,-3.1711888654214313,-1.597021247097179,-0.7404068701456481,0.7471519764442158,-0.23824712302602435
133,299,897,1773837430.31471,6.807350710998634,-2.67077161770345,-1.413168492174273,5.2429560160292965,-3.4567221529665577,-1.640083756002018,-0.7890369984412553,0.6770539669802371,-0.22691526382774496
134,301,903,1773837430.787733,6.810501576928058,-2.93167134427931,-1.4818847931663262,5.187434625214907,-3.708129707483429,-1.7339408811004995,-0.6767206640819019,0.8294149306683845,-0.25205608793417333
135,303,909,1773837431.258956,6.799055063712816,-3.159576265123503,-1.5705386425287673,5.119615211194009,-3.922465637607657,-1.847591572609222,-0.5559485589561977,0.976314600930202,-0.27705293008045473
136,305,915,1773837431.731151,6.712616092174135,-3.444836459216504,-1.701805254606711,4.9585514401585735,-4.169691790742004,-2.0034949526808044,-0.4273165344678267,1.1141079018614324,-0.3016896980740933
137,308,924,1773837432.437859,6.543552091436094,-3.803307427330651,-1.890582617264771,4.690713058554244,-4.45822516376938,-2.2163018132775374,-0.2917632387650695,1.2389804062252114,-0.3257191960127664
138,310,930,1773837432.908301,6.399565296132887,-4.022307571066679,-2.017616744035197,4.484322952017192,-4.616123222130558,-2.366893026471524,-0.15233505201476572,1.3533655942904197,-0.34927628243632736
139,312,936,1773837433.378705,6.2171014535436955,-4.212963324149247,-2.1007705712577995,4.247734248680699,-4.729312041454488,-2.473057709468333,-0.011030226583874203,1.4565052528491744,-0.3722871382105333
140,314,942,1773837433.849819,6.034893869238784,-4.413129136768907,-2.187598007872428,4.005302487995416,-4.8459757599086295,-2.582336327948983,0.13165094829460022,1.5485904130031836,-0.39473832007655485
141,316,948,1773837434.320727,5.817492992674508,-4.622580822996477,-2.2540434526629793,3.72417610283303,-4.952202034972242,-2.670581938319062,0.27439215461802346,1.6288669432097889,-0.4165384856560825
142,318,954,1773837434.791807,5.692115567904661,-4.826679175392704,-2.2385007837604123,3.5270453252279825,-5.084608701091341,-2.676386942454562,0.41861833525342096,1.7002784128221915,-0.4378861586941497
143,319,957,1773837435.027439,5.5861154238018,-4.998092954781665,-2.213836114546094,3.3584662862921766,-5.191389903274233,-2.672682544579974,0.5638822553867802,1.763890019696734,-0.45884643003388
144,321,963,1773837435.499979,5.407587954142741,-5.194734734713076,-2.1952252648992374,3.1114134460657854,-5.285106636075836,-2.674459880851914,0.7082935000994524,1.817870976948365,-0.4792346159526767
145,323,969,1773837435.972725,5.224533987861133,-5.399069240191424,-2.2549085667444095,2.8548660799162913,-5.378503390258841,-2.7539370256739812,0.8513220012161589,1.8624575387479574,-0.49902845892957165
146,325,975,1773837436.444728,5.033178383327262,-5.6521232303548885,-2.343804910138358,2.565845849141364,-5.505606482793565,-2.8619591550161907,0.9927180559561921,1.8974098346150727,-0.5181542448778327
147,327,981,1773837436.917573,4.8131958135997746,-5.8470242606093255,-2.3654706677816613,2.278313128054292,-5.562458504456241,-2.9020812594983947,1.1307798186708369,1.923375714123802,-0.5366105917167335
148,329,987,1773837437.388068,4.600649745365433,-6.000095766657531,-2.373153788324044,2.017490954401335,-5.581843325065315,-2.927611246525589,1.2650251281342755,1.9415151316940644,-0.5544574582015449
149,331,993,1773837437.859358,4.402836806164022,-6.178127697962337,-2.4021971337757835,1.7556863887069423,-5.6255457718452355,-2.9738913617080573,1.395687669555222,1.9523586031288334,-0.5716942279322738
150,333,999,1773837438.330596,4.184723088964578,-6.366486395782252,-2.4287453210976326,1.4704468940502438,-5.662427742376624,-3.017010867032767,1.5220412949489166,1.9560625527402271,-0.5882655459351342
151,335,1005,1773837438.80095,3.958566821283838,-6.544920642505617,-2.4293490260446324,1.1833938450931094,-5.681856708644077,-3.0335149822450296,1.643599154114158,1.9532234198689302,-0.604165956200397
152,337,1011,1773837439.271157,3.723516826732885,-6.782992562202628,-2.4641282886931535,0.854814277373084,-5.740745126892553,-3.0834292289288934,1.7601095060954701,1.9439153214754539,-0.6193009402357399
153,339,1017,1773837439.742446,3.4990590945514857,-6.984362408228559,-2.469967953565594,0.55525737069058,-5.77091449072483,-3.1037044310426443,1.8715024087894347,1.9292304297503584,-0.6337364774770501
154,341,1023,1773837440.213303,3.2815534050703303,-7.122247086212642,-2.4903565443081894,0.2984409457832063,-5.749713798267342,-3.137925648774542,1.9777209738379407,1.9102480093900338,-0.647569104466353
155,343,1029,1773837440.68562,3.0701088684461517,-7.256765561581593,-2.5461979115200872,0.048758509440892286,-5.7259326917348785,3.076172046006692,2.0788499253530275,1.8875385089007546,-0.6608153496528072
156,345,1035,1773837441.156172,2.832858394659981,-7.354364799803761,-2.649206120201984,-0.19834754617246853,-5.653858612560357,2.9605012851272186,2.174306513916872,1.8616108341162594,-0.6734779018503841
157,347,1041,1773837441.626753,2.5726543343367196,-7.399210143907659,-2.8063983818450478,-0.42960444212882126,-5.523108001394547,2.7911971109315683,2.2637028363775547,1.833042960979192,-0.6855898144029704
158,349,1047,1773837442.09723,2.3062272178703607,-7.40100587660555,-2.9607133921674142,-0.6368642575793132,-5.352302199440635,2.625267402899945,2.347105616304135,1.8023812846662581,-0.6972045121122272
159,351,1053,1773837442.567717,2.0367200983580713,-7.353178726401587,-3.114133933926364,-0.8126666120284429,-5.139078777529746,2.460658645532431,2.4247119753888278,1.7701068490975143,-0.7083927277207914
160,353,1059,1773837443.038378,1.7686904588492638,-7.279241393632337,3.0083587414922497,-0.9680020568135844,-4.905033417700727,2.2891577906912244,2.4968006684461157,1.736560011667546,-0.7192009508010254
161,355,1065,1773837443.509407,1.538793677459165,-7.1313812320923855,2.8487621125581755,-1.043449084072443,-4.638828302152773,2.1189480668744745,2.564403788229456,1.702140228840796,-0.729814045683701
162,357,1071,1773837443.979777,1.3523640544513014,-7.006699908313914,2.6838204341381156,-1.099161978543439,-4.418092221948811,1.943539056879832,2.6284050813884132,1.6669694831326733,-0.7402813772582835
163,359,1077,1773837444.451351,1.1428267549861955,-6.815251588386328,2.5420915814514307,-1.1246239670500455,-4.131905113906078,1.7914223241627167,2.688579901578374,1.6311829004480227,-0.7506692572887139
164,361,1083,1773837444.921982,0.9772220285314127,-6.6535593121069505,2.457752662377676,-1.1353207564793923,-3.8971939243194345,1.6967368324802385,2.7457141918770187,1.5948350397710054,-0.7610158298974374
165,363,1089,1773837445.393731,0.7643355095352087,-6.379648702888928,2.3962941722070314,-1.1004711357301287,-3.548513810131252,1.6248743050351309,2.799157094162127,1.5580531395949762,-0.7714198671719006
166,365,1095,1773837445.86567,0.5435199899831842,-6.168333957286646,2.3254036449324182,-1.1113557474085016,-3.2395624548799327,1.5436266297617236,2.8487763522677154,1.5208063902034907,-0.7817770151706948
167,367,1101,1773837446.33718,0.3316270733845551,-5.903254350635576,2.2929489796577363,-1.0748647344906088,-2.8986451040032457,1.5007529701625795,2.894749283228191,1.4831984571511092,-0.7921960094951568
168,369,1107,1773837446.809668,0.12682170654767758,-5.637785243877651,2.2707754202573356,-1.02960559024992,-2.5628972441615705,1.468077677859928,2.937163898000441,1.4452751608657168,-0.8026977423974075
169,371,1113,1773837447.280626,-0.08861501108067878,-5.375560377989486,2.2811575398380772,-0.9905796544002851,-2.2222494836159847,1.4678902629704396,2.9758488294135566,1.4070682319318721,-0.8132672768676377
170,373,1119,1773837447.752467,-0.31241089683510886,-5.13036287073405,2.269469060018568,-0.9661074116992714,-1.8876586774850415,1.4455981110896294,3.0107039048148616,1.3685961507974387,-0.8238709489289385
171,375,1125,1773837448.224927,-0.5258592111238249,-4.876436440167163,2.268033272705415,-0.9246908492592805,-1.5550074192518413,1.4334846976562263,3.0418375156787976,1.3299211751947564,-0.8345485750491887
172,377,1131,1773837448.696206,-0.733126488224807,-4.648070090879675,2.2494685403238246,-0.8945515025838727,-1.2445600523599392,1.4041932574832887,3.069367800145908,1.2910609325100941,-0.8452752828405359
173,379,1137,1773837449.165942,-0.9280713811897064,-4.41509596941786,2.234789005068125,-0.8494980138031758,-0.9406141837573935,1.3787025548298406,3.093407190024621,1.25207536594655,-0.8560864502382846
174,381,1143,1773837449.637113,-1.1090975093399755,-4.177374243785584,2.202601051581183,-0.7884910619442285,-0.6445728611067919,1.3355810652262476,3.1140541209505983,1.2130314975583416,-0.8670199863549353
175,383,1149,1773837450.109252,-1.2764685337403212,-3.9525214945653544,2.139253862294022,-0.725264565482729,-0.3679531331808608,1.261171427952074,3.1314511511785126,1.1739748688634868,-0.8780824343419479
176,385,1155,1773837450.579243,-1.420650429195714,-3.7550065541209867,1.994189256539095,-0.6652484101494661,-0.12735147865806512,1.1049204860127273,3.145913558685582,1.1349346659109438,-0.8892687705263678
177,387,1161,1773837451.048988,-1.4575482868743892,-3.475427307356126,1.8470870980950143,-0.4712650302822303,0.08094603975583463,0.9461921260960114,3.1580674325987785,1.0963217589677878,-0.9008949719990029
178,389,1167,1773837451.519522,-1.4927766160609641,-3.248207733801016,1.6938519048299423,-0.3149211683180171,0.2531563973231075,0.7809765151119817,3.168065398741949,1.0581657643884772,-0.9128753897179606
179,391,1173,1773837451.990291,-1.3013634209392695,-3.0213432440322046,1.585534686040869,-0.018263274303836556,0.24393219069541525,0.6599834925852684,3.178278620511108,1.0212234271767529,-0.9255511934556006
180,393,1179,1773837452.46165,-1.1688976454276376,-2.7814677730773525,1.387043551319168,0.253153858821421,0.2858709582487808,0.4481838234146489,3.1879563890051497,0.9857415084088412,-0.938859727904519
181,395,1185,1773837452.93101,-0.9966996071629121,-2.513935315200932,1.227711167836191,0.5708445363721374,0.30847349545850644,0.2748004668740758,3.197367248214068,0.9524139586316365,-0.9529107009621152
182,399,1197,1773837453.87087,-0.9001590162410574,-2.4780266407339258,1.0248254768992224,0.6561449976381181,0.2540979943064091,0.05766027044223757,3.2072168436783626,0.9196314067268174,-0.9671652064569848
183,405,1215,1773837455.285502,-0.7565623057147184,-2.3314849811926126,0.91855842921227,0.8584043039262368,0.22257284829372653,-0.0633371400265835,3.2173852023442397,0.8884691321503659,-0.9818955692388536
