processed_index,scan_index,timestamp,original_x,original_y,original_theta,optimized_x,optimized_y,optimized_theta
0,0,1773837359.790777,0.0,0.0,0.0,0.0,0.0,0.0
1,3,1773837360.036302,0.09337732811708521,0.034404478663411966,-0.013257090544612094,0.09337732811713059,0.034404478662858395,-0.013257090545807992
2,6,1773837360.278349,0.06072730880157085,0.008969674681844947,0.008796176250897797,0.060727308801600766,0.008969674680815897,0.008796176248506003
3,9,1773837360.51855,0.04118456637271448,0.0068987850168761395,0.009262023519225882,0.041184566372751925,0.006898785015402676,0.009262023515638193
4,12,1773837360.756797,0.042299942361124936,0.01572223496169894,-0.004309453467598269,0.04229994236121706,0.01572223495972899,-0.004309453472381856
5,15,1773837360.994665,-0.3769285559358155,-0.02395388612119996,-0.07027059150658384,-0.37692855593593755,-0.02395388612115563,-0.07027059151256332
6,18,1773837361.231315,-0.2705969999142429,0.0075943530371123565,-0.06808242676251842,-0.27059699991426883,0.0075943530366382826,-0.06808242676969636
7,21,1773837361.46787,-0.2576126995021912,0.020796622375290116,-0.049010262351747325,-0.257612699502199,0.020796622374824686,-0.04901026236012373
8,24,1773837361.704287,-0.24830235453130442,0.03695307714112713,-0.04836179088610551,-0.24830235453123417,0.036953077140674404,-0.048361790895680365
9,27,1773837361.940263,-0.26253318516104646,0.05658753405253256,-0.04090732905633273,-0.262533185160822,0.056587534052323835,-0.040907329067106035
10,30,1773837362.175232,-0.17979520454923684,0.0642914105134495,-0.029619282104953508,-0.1797952045489539,0.064291410512358,-0.02961928211692528
11,33,1773837362.411259,-0.08204782120585781,0.09378038864794945,-0.03699431171805978,-0.08204782120536644,0.09378038864602538,-0.03699431173303263
12,36,1773837362.647025,0.0237542221327605,0.12130908733389884,-0.027897023807859075,0.02375422213360208,0.12130908733041074,-0.02789702382583301
13,39,1773837362.882996,0.03320273474836678,0.14423634570986196,-0.0342362131375193,0.03320273474949303,0.14423634570661886,-0.034236213157497294
14,42,1773837363.119194,0.11250428966444488,0.1782031762320492,-0.03501581333242601,0.11250428966619035,0.17820317622747772,-0.035015813354408065
15,45,1773837363.354457,0.23417950062276888,0.18688502730231915,-0.04867012714066252,0.23417950062466322,0.18688502729508508,-0.04867012716464863
16,48,1773837363.590818,0.38918205247284215,0.1951298926218008,-0.07066192475942623,0.38918205247487125,0.195129892611042,-0.0706619247864205
17,51,1773837363.826534,0.4482432156692661,0.1947283566877688,-0.07650314201242821,0.4482432156712201,0.19472835667543117,-0.0765031420424306
18,54,1773837364.064102,0.667604328558099,0.20825072617318635,-0.09100157751047841,0.6676043285603267,0.20825072615429194,-0.0910015775465004
19,57,1773837364.300646,0.8147906624731761,0.20553831763672725,-0.11921456963089341,0.8147906624752521,0.20553831761274674,-0.119214569669925
20,60,1773837364.536344,0.8836472351288226,0.2009298848388589,-0.11200356844057813,0.8836472351306509,0.2009298848121994,-0.1120035684826193
21,63,1773837364.772637,0.876129693981556,0.1826745990485819,-0.09028058999794855,0.8759476133492933,0.1833381365457615,-0.09246912881859583
22,66,1773837365.009215,0.940420503134435,0.18355006204975843,-0.09873591694111791,0.9400553596561583,0.18459485795157404,-0.1031129945403713
23,69,1773837365.245823,1.177247107699459,0.19575694768610993,-0.13200930573785935,1.176767671912544,0.19576768291848512,-0.13857492211571887
24,72,1773837365.481294,1.2710846924963186,0.18281443609031936,-0.12287309527746616,1.270378377843626,0.18261214926235803,-0.13162585353515122
25,75,1773837365.717725,1.2678979322340311,0.1676543051666947,-0.11472704125890014,1.2668799921266507,0.1678897625493758,-0.12566694139641071
26,78,1773837365.953307,1.4532944508234604,0.17827937646236108,-0.12393907019084015,1.4522148792355778,0.17648881573469696,-0.13706611220817627
27,81,1773837366.190499,1.508466418371528,0.15723611992224262,-0.1359504141586549,1.5069464453386467,0.15513084437226318,-0.15126324760412543
28,84,1773837366.427136,1.6390803002375072,0.1652715246331324,-0.1339948919144271,1.6375142941948144,0.16128662748302536,-0.15149351678803213
29,87,1773837366.66386,1.6929838202395986,0.16338699407738938,-0.1343406960140044,1.691208674300858,0.15846212966494833,-0.15402511231574384
30,90,1773837366.899897,1.826310178729595,0.1486623784641107,-0.12513095458575738,1.8239432255295063,0.14146725608503635,-0.1480944485438463
31,93,1773837367.136303,1.9312413586045571,0.1651860094799004,-0.1406668659515276,1.9289760290807987,0.15558187410883217,-0.16690943756596593
32,96,1773837367.373736,2.1189624742053086,0.159300443888378,-0.1489602703477321,2.116350234710544,0.1451928894913741,-0.17847647629721783
33,99,1773837367.610543,2.246397116921817,0.13234853706509045,-0.13922742284918976,2.242682197459568,0.11449689513707875,-0.17201726313372293
34,102,1773837367.847748,2.2379157887697767,0.1309068877025034,-0.1350897395498126,2.234038417480201,0.11381966312831372,-0.17006102661087938
35,105,1773837368.085055,2.2800913108342744,0.1338050516677575,-0.1441698949829806,2.276162072116317,0.1156345922633848,-0.181322628820581
36,108,1773837368.321232,2.459107321347046,0.12540132562735642,-0.13823313276631918,2.454570869005287,0.10059066950975357,-0.17756731338045323
37,111,1773837368.557707,2.5644225418776525,0.1163897555531128,-0.14925130207315593,2.559308944037846,0.08815080842759335,-0.19185266386485242
38,114,1773837368.794329,2.7798149116367235,0.09962233798758557,-0.14579913854867,2.773537225761582,0.06223083925812059,-0.1916676815179289
39,117,1773837369.030219,2.899179094240423,0.08682838182523639,-0.1462974383311473,2.892053213525206,0.044250095741037235,-0.19434228645611507
40,120,1773837369.266903,2.9724766608913407,0.07977830472791095,-0.13868952499161982,2.96475469992723,0.03380251280232445,-0.18891067827229652
41,123,1773837369.502277,3.0231264459751115,0.08829467906717439,-0.1369876673311068,3.015594013753636,0.03976939722140087,-0.18938512576749236
42,126,1773837369.739236,3.1846375405526555,0.07638703714427582,-0.14317312712886976,3.176037172055861,0.01967037102964149,-0.1988326683074028
43,129,1773837369.975641,3.260039889502815,0.08054250761517517,-0.13267781259850878,3.2512968654767125,0.01963061755688769,-0.19159943651918926
44,132,1773837370.211409,3.42830751787313,0.05759781373010953,-0.1223742099425893,3.4176712149678066,-0.013019396092822128,-0.18455487074846427
45,135,1773837370.447274,3.476512944126817,0.06938778430766078,-0.12186514456871758,3.4662579478378777,-0.004241577680596437,-0.18730484225978708
46,138,1773837370.682266,3.6518373475984283,0.052379022462386605,-0.11376568583809415,3.6399546041263435,-0.032354749103360864,-0.18245695885992783
47,141,1773837370.919218,3.7516679334778185,0.03452002207625105,-0.09769921844689392,3.7380644484439083,-0.05701718391428373,-0.16964206679949176
48,144,1773837371.155387,3.8699294848942776,0.03528589459978168,-0.09762714306069224,3.855910130267642,-0.06443702177767621,-0.1728184744201592
49,147,1773837371.391479,3.967262552969629,0.025844003897855055,-0.09039081468797029,3.9519982991334155,-0.0811571386314543,-0.16883062905430637
50,150,1773837371.628633,4.123977890579383,0.01722011701556807,-0.09230764042174024,4.107459248681656,-0.10148395755841472,-0.17398786367068447
51,153,1773837371.865477,4.295271212612728,-0.006340437674705696,-0.10272751226470782,4.2759970001160585,-0.1389344457016833,-0.1876481443962602
52,156,1773837372.100734,4.410486018714952,-0.02609477094533512,-0.12303429074749739,4.389014397282236,-0.16798516367774613,-0.21118609262862656
53,159,1773837372.336665,4.537287650110235,-0.0490978094846936,-0.1504489085904761,4.513035253224563,-0.20205449788029806,-0.24183188022118215
54,162,1773837372.573728,4.658130701596487,-0.05617227645049977,-0.144539838939389,4.632501201572285,-0.21979543868141077,-0.2391525180523031
55,165,1773837372.809982,4.759155870515303,-0.04293495970420896,-0.1676464281366026,4.734060684521618,-0.2161533976325894,-0.26548881473172464
56,168,1773837373.045826,4.8767708767071065,-0.079082188933476,-0.17621350064797314,4.8475188584141655,-0.26327106340381123,-0.27727132586179765
57,171,1773837373.281631,4.987850926731714,-0.11516359884057198,-0.13068910838464895,4.954126761661411,-0.310366235719686,-0.2349623722171759
58,174,1773837373.518528,5.110737135267501,-0.11446393334668367,-0.1497045183861782,5.076395609689324,-0.32201241556024396,-0.25611530456057996
59,177,1773837373.754122,5.172428753829806,-0.1172400332970536,-0.15955067944950868,5.137377499795311,-0.3310040613103721,-0.2680989879657852
60,180,1773837373.989556,5.324802077009456,-0.14497511508658414,-0.19824684775949,5.285665400948842,-0.37507645530205924,-0.3089326786176413
61,183,1773837374.223628,5.406030214993101,-0.2099340293309842,-0.2755288025932277,5.359262360994853,-0.44821883123743356,-0.3893971816731095
62,186,1773837374.459519,5.536932903341173,-0.2752590762514926,-0.37967772060450555,5.481627511545518,-0.5279843809935446,-0.49672864790611787
63,189,1773837374.694989,5.634125088600046,-0.36135562436786234,-0.4570636367130529,5.5681604015176625,-0.6246868744601755,-0.5772683331555253
64,192,1773837374.931854,5.693337659204094,-0.44125433385437535,-0.521298977059446,5.617097048584068,-0.7110986030335985,-0.6446574426427782
65,195,1773837375.167619,5.773782528990159,-0.5326381429199781,-0.6002738435099444,5.68584453440306,-0.8113905434768953,-0.7267516562414764
66,198,1773837375.404365,5.883087697592575,-0.638468699258447,-0.6866569031601111,5.780659331246064,-0.9301515516483678,-0.8162540630398427
67,201,1773837375.640129,5.911072629243078,-0.7170067937603626,-0.7225595481525459,5.7983977978743395,-1.011482225107464,-0.8552451903560974
68,204,1773837375.875581,5.979731536650916,-0.8222663985827685,-0.8037928740474819,5.852260243757566,-1.1248869313410736,-0.9395669985748529
69,207,1773837376.112041,6.093866633330883,-0.9424956884629412,-0.9029437288557396,5.949221483374899,-1.2594085200236815,-1.0417662310773768
70,210,1773837376.347837,6.127592444136442,-1.0579361668608407,-0.9714437203283279,5.96638129285938,-1.3783911197040164,-1.1133146002442313
71,213,1773837376.583045,6.14367219551918,-1.1820514034289802,-1.0366662159528077,5.9648718122124205,-1.5033839712892776,-1.1815479166286988
72,216,1773837376.818386,6.2099944507480425,-1.2846786723303938,-1.1006821220974625,6.015415629425252,-1.6144961205181332,-1.248574643533341
73,219,1773837377.053287,6.213646745588739,-1.3797800411700074,-1.1586833921921693,6.005230816630624,-1.7091059109559996,-1.3095484671647226
74,222,1773837377.289685,6.234181318228441,-1.522916506513545,-1.238650607263316,6.003753737876178,-1.853686603633406,-1.3924882357725445
75,225,1773837377.525294,6.251423007600423,-1.6519304541506552,-1.3059855385822883,6.001070808547621,-1.9837984947745606,-1.4627606868200038
76,228,1773837377.760492,6.274201329442316,-1.738696613626442,-1.3445394208200623,6.009757367211856,-2.073040008069298,-1.5042520887862652
77,231,1773837377.99758,6.265482456048171,-1.8676897275304074,-1.3965538643867297,5.980762084694266,-2.199183306692833,-1.558196527894745
78,234,1773837378.233562,6.136172872881173,-1.8790558783602285,-1.3762829361443916,5.85143271249369,-2.189508280288522,-1.539855595194219
79,237,1773837378.471029,6.20005393325556,-2.0175079883122145,-1.4606897647022534,5.891733569508831,-2.3365002237530073,-1.6261924192938932
80,240,1773837378.707195,6.213523676097135,-2.141396802830029,-1.5224873462183892,5.884728067273952,-2.4610861210261907,-1.6898920311485561
81,243,1773837378.943797,6.155827039748542,-2.2113278739176696,-1.52438489880786,5.816171458698883,-2.520454919994858,-1.693691614076554
82,246,1773837379.179114,6.151780959671314,-2.2895912275188217,-1.537332463002783,5.798815571024728,-2.596902009613393,-1.708541208610004
83,249,1773837379.414866,6.128318273963477,-2.4018469308675092,-1.540620848940517,5.75661993897142,-2.7036206809542858,-1.7146502022529486
84,252,1773837379.651338,6.1120982395049435,-2.5007329362898725,-1.5381656195637345,5.723260632629004,-2.7981851102399427,-1.7150155805813765
85,255,1773837379.88685,6.124878084330617,-2.6220706585670372,-1.5675976654253039,5.714695889758303,-2.9199449270521107,-1.747224506111514
86,258,1773837380.123886,6.131530015481201,-2.7745567146394077,-1.5902370932998442,5.693736198205339,-3.0711458818351276,-1.7726408136546223
87,261,1773837380.360444,6.142611170941052,-2.9005154287127195,-1.5872566507634143,5.682004866427642,-3.1970713982453227,-1.7723913676320389
88,264,1773837380.596013,6.158914713579163,-3.060886597856211,-1.60212205275121,5.668248657061085,-3.35768238242345,-1.7899877661336812
89,267,1773837380.831908,6.158004549290203,-3.192197986113418,-1.584617426445966,5.642937548650888,-3.4865703456478365,-1.775173960460837
90,270,1773837381.068806,6.163962778614508,-3.314856132255507,-1.5741067366199057,5.625296458494291,-3.608115396894542,-1.7673540912671764
91,273,1773837381.303624,6.158937855941824,-3.4278503003791263,-1.558352382539607,5.598844193864215,-3.718081745927355,-1.7542487101242044
92,276,1773837381.539491,6.177282300958036,-3.5782165052959156,-1.594118943157137,5.587311092934051,-3.869120754986852,-1.792664243679061
93,279,1773837381.774445,6.17901084187761,-3.6971119385468603,-1.6068399680059477,5.565620256216629,-3.9861178489720928,-1.8079977651899726
94,282,1773837382.009613,6.169019725907347,-3.8114619687963747,-1.6324615721180027,5.532725271512649,-4.096143531389953,-1.8362318659641284
95,285,1773837382.245344,6.148074101971184,-3.942951892437107,-1.6673761493580428,5.485674980861225,-4.220782527692968,-1.8737205215245998
96,288,1773837382.480744,6.134692432870991,-4.0621029692291915,-1.7013546706636038,5.447908277699925,-4.334641601933203,-1.9102731211505921
97,291,1773837382.715477,6.096272223080434,-4.194073731823259,-1.7388390900312667,5.382965361281321,-4.4558938905794605,-1.9502969948146667
98,294,1773837382.951176,6.07437836661978,-4.293909873831979,-1.7754179406566923,5.340349043496211,-4.548888058793435,-1.9894152997365042
99,297,1773837383.187128,6.05468732934097,-4.470201324609689,-1.8804008829111272,5.283560470734961,-4.717088006828098,-2.0969030660179655
100,300,1773837383.422542,6.026016118660151,-4.523969920739152,-1.8861020698426556,5.243753173709066,-4.763419075462054,-2.1051090769765204
101,303,1773837383.65842,5.955796295539505,-4.625613093411038,-1.859806975026713,5.153127059581706,-4.847515745476896,-2.081290378338435
102,306,1773837383.894226,5.926508962627523,-4.725123470035313,-1.8791164433419363,5.102440730856205,-4.938138099009567,-2.1030762428315155
103,309,1773837384.130471,5.826194765183706,-4.854487964894015,-1.9017917612646096,4.975878679936527,-5.042199366863867,-2.1281972815596086
104,312,1773837384.366156,5.767641717072332,-4.953451907540171,-1.9064057209546177,4.89635167613836,-5.125470262421175,-2.1352569620550366
105,315,1773837384.602232,5.830508230526703,-5.0320567403726555,-1.9480240641900368,4.939798933820385,-5.21649343902755,-2.17848262937047
106,318,1773837384.838176,5.877775951813924,-5.055680030397153,-1.950075567915827,4.980406810175136,-5.250544334699465,-2.1821414571762747
107,321,1773837385.073551,5.741925400910079,-5.1808459722544065,-1.9693360625512437,4.81924004962073,-5.341090918481549,-2.203009275891706
108,324,1773837385.309959,5.755384981149168,-5.226860851742824,-1.9996593036027555,4.821735171984661,-5.3893367446235505,-2.2349204073604136
109,327,1773837385.544404,5.691791355363538,-5.302505446777702,-2.046054538566246,4.74221279772372,-5.448296571123697,-2.2829035327411002
110,330,1773837385.77925,5.569864069596443,-5.404257748041027,-2.127935815860779,4.599643946722255,-5.5185789423260525,-2.3663727004528288
111,333,1773837386.014492,5.491635649822552,-5.47393812692192,-2.1894544737352475,4.5071791939036245,-5.56809545492471,-2.4294626349233766
112,336,1773837386.250818,5.421060518053504,-5.537612004119819,-2.2366458068178594,4.423418245525943,-5.613303639565396,-2.4782252446020676
113,339,1773837386.487278,5.348055845402362,-5.612548551932042,-2.334222606486282,4.334436648484644,-5.668578560525395,-2.577373320866569
114,342,1773837386.723282,5.2520315930378265,-5.663020144444193,-2.3904300458218164,4.228913868653917,-5.69468286349694,-2.635928844908649
115,345,1773837386.958815,5.165883690091021,-5.710045607773715,-2.460482957780413,4.1336702215649055,-5.719336824180963,-2.708329841573792
116,348,1773837387.195419,4.99061601255432,-5.751763091444409,-2.485339319951405,3.953364524984739,-5.717008362588749,-2.7347516393278966
117,351,1773837387.431573,5.031098242790221,-5.765907060136531,-2.5810818806902835,3.9888977247710162,-5.740971332717887,-2.832059635649888
118,354,1773837387.667227,4.858170004483242,-5.780181830717638,-2.5922732729663913,3.817674326561147,-5.711831688099213,-2.844816463509108
119,357,1773837387.90407,4.7338070339044505,-5.841093568740323,-2.693544026627428,3.681811241265184,-5.740083453685695,-2.9484294443152743
120,360,1773837388.140618,4.596902176461037,-5.879476237916249,-2.7436204986399932,3.539404029814347,-5.7426834677663425,-3.000848143472969
121,363,1773837388.376345,4.520969974578653,-5.8760920792099105,-2.7716860290950285,3.466730440287306,-5.720442628215742,-3.030473253083565
122,366,1773837388.612376,4.534524414620603,-5.872094982120799,-2.821217515697079,3.4807494832460875,-5.720401883976779,-3.0815643188411768
123,369,1773837388.848099,4.321284412660179,-5.963805451423071,-2.8290681780153037,3.2509215503321163,-5.7541101621181605,-3.090974560314962
124,372,1773837389.084402,4.218273658259687,-6.000086015031676,-2.83930947868225,3.1419483385602467,-5.762959416773454,-3.1035423089814147
125,375,1773837389.318985,4.042576129182747,-6.115072658181054,-2.902143850459903,2.942071838061284,-5.828044323230911,3.114482178421013
126,378,1773837389.554439,3.9159206506768642,-6.16024692850231,-2.913237278643671,2.807723961460345,-5.838588421953888,3.1010627476616355
127,381,1773837389.79011,3.7818929239579173,-6.182891734655862,-2.8981872696723507,2.6722512814336077,-5.824789941043229,3.113786754057346
128,384,1773837390.025453,3.665676271068558,-6.2226868367787525,-2.8991606185013628,2.549420217980102,-5.832261160459042,3.110491714755954
129,387,1773837390.261693,3.5652220594750683,-6.265778339384928,-2.8706651283984645,2.4408157204420418,-5.8465902348712735,3.136665514386472
130,390,1773837390.498233,3.4334545793951263,-6.278739715647853,-2.85972152889529,2.3102503655079643,-5.823551519421214,-3.1379014939221537
131,393,1773837390.734811,3.2805196329470343,-6.316197482919092,-2.8755862846038767,2.1526650384889088,-5.817548208965943,3.127093756916633
132,396,1773837390.970514,3.1920612035286164,-6.324267986998713,-2.8873606744125313,2.0652719978209033,-5.801228748387609,3.112997790907499
133,399,1773837391.205594,3.0356320027844763,-6.404947183380491,-2.9380233514063225,1.8922996646816828,-5.835023466908458,3.060013537713229
134,402,1773837391.441277,2.916808705199888,-6.439495595023742,-2.9516797496003266,1.7682799663242035,-5.835063884935538,3.0440337921432694
135,405,1773837391.677463,2.7888417547922555,-6.459854978842194,-2.9499712100979227,1.6395498362883103,-5.818281278575223,3.043418984269718
136,408,1773837391.91339,2.6321996326332164,-6.511281438228185,-2.9641782076515724,1.4745154394344038,-5.823252801056867,3.026891351716793
137,411,1773837392.148059,2.4528973469359956,-6.5694868244318,-2.986167179740322,1.2858061083195014,-5.827332916478378,3.0025817446287673
138,414,1773837392.383652,2.3671664644776995,-6.563528225555891,-2.982611820428261,1.2053345178575714,-5.797138459442465,3.0045875637952895
139,417,1773837392.619316,2.264615511696571,-6.594750170602918,-2.9920716135237018,1.0979761900097589,-5.7972943715675544,2.9935782305543093
140,420,1773837392.855469,2.136480904386409,-6.633886851059157,-2.997586836092478,0.9638380185268025,-5.79712658729,2.986513467839994
141,423,1773837393.090811,1.9828977626671902,-6.673319425213583,-3.009194540121569,0.8051577627187407,-5.7898080491207775,2.9725773303725753
142,426,1773837393.327113,1.877833439407912,-6.680524271954127,-2.997177469530755,0.7024518594500233,-5.765473445178763,2.9822659675250622
143,429,1773837393.561765,1.7497901962254563,-6.696845630047232,-3.0031668386256825,0.5751651656268484,-5.7431472554602365,2.973946838895549
144,432,1773837393.797069,1.5952974646449256,-6.753547942267216,-3.0358172246514945,0.41052895470199335,-5.7506391522329805,2.9389666933351504
145,435,1773837394.032999,1.4713742808842043,-6.771809120905461,-3.0304253468887956,0.2866441608620621,-5.730765384987535,2.9420249466543726
146,438,1773837394.267588,1.3342932886160719,-6.805101457140792,-3.039357845904354,0.1457111746836871,-5.720525517262667,2.930758823195338
147,441,1773837394.50359,1.1824980335602084,-6.8116188223591365,-3.036917222051124,-0.001032910892349137,-5.68020195778837,2.930854942035286
148,444,1773837394.738412,1.0861739243375865,-6.808280575210205,-3.036514375381391,-0.09180638412881192,-5.647123679293162,2.928913283691737
149,447,1773837394.973806,0.9687816842967424,-6.807005003184836,-3.050512132800342,-0.20335157440545215,-5.60960918546538,2.91255343945649
150,450,1773837395.209851,0.7988723168284005,-6.780731368090445,-3.0712445887156044,-0.3565972507037649,-5.531179169622663,2.8894588967249315
151,453,1773837395.446181,0.6797708024049919,-6.8444586753140015,-3.116669791639394,-0.4902010642827148,-5.554187952244446,2.8416626508815286
152,456,1773837395.68232,0.5332414661955365,-6.804279584197123,-3.137197165960542,-0.6164776783602737,-5.469318675193241,2.818764233640767
153,459,1773837395.918409,0.38422809543097375,-6.784805715285924,3.0901192884807203,-0.7517058553686375,-5.403272026738518,2.7605055844228907
154,462,1773837396.155197,0.2566224090731401,-6.7683274908755955,3.0374522104281754,-0.8673427262354203,-5.346353879240464,2.7054487098907942
155,465,1773837396.39102,0.11003683267804971,-6.712481992608443,2.966157441272971,-0.9881968852045375,-5.24609977847304,2.631733834247479
156,468,1773837396.627226,-0.04063976941400088,-6.664343927112521,2.9007941934221297,-1.114959045837382,-5.151149022767365,2.5639504799085273
157,471,1773837396.863517,-0.1641614534309047,-6.603651054222177,2.8333676549414846,-1.2119744444560847,-5.053302486223983,2.4940727264692013
158,474,1773837397.098958,-0.29306797334966567,-6.541803077622392,2.7823646911837434,-1.3131799082570998,-4.95205391811761,2.4406185477527784
159,477,1773837397.33441,-0.4128014172796354,-6.459178692138625,2.7153780939378462,-1.398833737236632,-4.834336808515075,2.3711441436251133
160,480,1773837397.570114,-0.5435824017833627,-6.383540548844234,2.652367803228976,-1.4966477923220356,-4.718977237956616,2.3056460460344748
161,483,1773837397.805297,-0.6590747618907898,-6.276664393352912,2.5807242772576653,-1.569550808862445,-4.579388045571738,2.2314706028232725
162,486,1773837398.041459,-0.7663030212659243,-6.1672974550626005,2.5044295847068376,-1.6331111700798617,-4.4399075170229105,2.152643993032554
163,489,1773837398.276377,-0.8740289990740788,-6.0499274766593825,2.43834820050452,-1.6944052684775945,-4.292707385083099,2.0839852674241444
164,492,1773837398.511865,-0.9547586261511142,-5.931412119802028,2.367755311101713,-1.7292248956771334,-4.153520300493171,2.010815036615246
165,495,1773837398.746829,-1.0376104779220732,-5.824777302720146,2.2915757188235464,-1.770238177717383,-4.0247538582474665,1.9320138492704704
166,498,1773837398.981958,-1.1204013918126783,-5.695901578759533,2.203044733631634,-1.8026171809319933,-3.8749661087516643,1.8408612690119488
167,501,1773837399.217432,-1.1739407015749042,-5.566659280630901,2.1272428318451797,-1.8075074924969474,-3.73515744133277,1.7623934891598745
168,504,1773837399.454728,-1.2255558774696886,-5.439249318258325,2.0839413253620402,-1.8104930181326353,-3.5976953115856105,1.7164261046111142
169,507,1773837399.691929,-1.273253871720856,-5.291682073916296,2.0146805735588957,-1.8025768974795628,-3.4427776983401817,1.6444545118056195
170,510,1773837399.928783,-1.2919587537973671,-5.164217985467436,1.961196412516013,-1.7741230227927116,-3.317160610442506,1.5882595097603867
171,513,1773837400.165259,-1.3084605464277612,-5.034639864463532,1.918070393048185,-1.742883731127188,-3.1904339723482043,1.542381656838186
172,516,1773837400.40214,-1.3375238073047129,-4.907833350704417,1.8550883518432393,-1.7236211690010916,-3.061787068251457,1.4766477821788677
173,519,1773837400.637791,-1.3464895913074846,-4.762070920627721,1.8173168014847847,-1.6786864667812886,-2.922977968654469,1.4360826691529875
174,522,1773837400.874322,-1.3722185084289036,-4.642218687914888,1.77390331712122,-1.6582032399991684,-2.8021373361208353,1.3898756221219974
175,525,1773837401.110615,-1.3731499369847535,-4.433895480719715,1.7593219953320927,-1.5814963415657188,-2.608628032312733,1.3696447758394255
176,528,1773837401.348324,-1.378992575413326,-4.292058420866733,1.7268618980634334,-1.5336324395106753,-2.4751801256607786,1.3343181795194559
177,531,1773837401.584574,-1.4165922563239388,-4.170854719058443,1.7026947007938174,-1.5222347849243139,-2.348792950164546,1.3072844831985295
178,534,1773837401.820189,-1.4500445421186605,-4.01679729107904,1.6812132286548658,-1.4943986951554635,-2.1935830766622626,1.2828904604363185
179,537,1773837402.056173,-1.4495202707591148,-3.8743771339417767,1.7000090355200064,-1.4389022164079501,-2.062497809891072,1.2987737166781992
180,540,1773837402.291713,-1.4687377816437293,-3.719573169126823,1.7081744877116558,-1.3967186523915966,-1.912509613581394,1.3039845190584374
181,543,1773837402.528162,-1.5191300454621208,-3.618623633883239,1.7107069599332008,-1.403576940055971,-1.7998592083972316,1.3035623414685706
182,546,1773837402.763984,-1.5217257489438631,-3.462950772475126,1.7138622644481205,-1.345022038708254,-1.6557423228924455,1.3037154055917253
183,549,1773837402.998723,-1.536888394203322,-3.304615098691162,1.740553973057971,-1.2960191545316835,-1.5044763723167658,1.3274048738098108
184,552,1773837403.23503,-1.54537893372538,-3.14491036431029,1.7136451501623826,-1.2403923001774553,-1.3547481150824714,1.2974452299061434
185,555,1773837403.469741,-1.5899434606854856,-2.99778423304171,1.7027004921931974,-1.2218984606133279,-1.2021498404943578,1.2834497509288791
186,558,1773837403.705857,-1.6096042637504997,-2.8422389544166995,1.6885645800354008,-1.1772008488136754,-1.0519670665271188,1.2662175282213648
187,561,1773837403.941291,-1.6318525192898843,-2.706793967198871,1.6657196660413949,-1.1422021762371855,-0.9192901032690732,1.2402763036776412
188,564,1773837404.177082,-1.6384409277135836,-2.579754790820058,1.6810232270351269,-1.096452099322641,-0.8006732970220877,1.252442383889053
189,567,1773837404.413287,-1.6412861972239525,-2.4308278328745594,1.6726242012940475,-1.0373763032537608,-0.6640204925018274,1.2409058773656538
190,570,1773837404.649819,-1.6562453099944578,-2.2922565493609905,1.6696094783199975,-0.9937356409263249,-0.5317310401367437,1.234706924134426
191,573,1773837404.88484,-1.6730942804578326,-2.125836371551913,1.6555011637962103,-0.9391271571451218,-0.3736923227604012,1.2174143793534606
192,576,1773837405.120176,-1.6917607400529444,-1.9897152519651715,1.6536176251854429,-0.8989581744200046,-0.2423238791136222,1.2123045205828746
193,579,1773837405.35573,-1.6957256364640592,-1.848008660439517,1.6299170356697117,-0.8422441002692116,-0.11249016274350143,1.1853776109073249
194,582,1773837405.591775,-1.68956054636798,-1.7173679014746532,1.6023431177910181,-0.7810993200969052,0.0030474901697409296,1.1545412583607455
195,585,1773837405.826209,-1.6685754345949113,-1.5881463756461904,1.5566422937620752,-0.706460367689894,0.11045080705759502,1.105577999663917
196,588,1773837406.060723,-1.6471314897546396,-1.4512431456403443,1.487066502077002,-0.6280350735707521,0.2246100416688488,1.0327062833364489
197,591,1773837406.296094,-1.6071256223858952,-1.329713593435699,1.4144656662508939,-0.5389790204593679,0.3162593987577966,0.956809522867946
198,594,1773837406.53185,-1.5149896738260495,-1.1757214533482314,1.3319895368445713,-0.3887745367688067,0.4138572764932555,0.8710095924891791
199,597,1773837406.767606,-1.5041688900403145,-1.0895162697366427,1.2764458927370996,-0.3409665530710231,0.48625780247002276,0.8121421474092628
200,600,1773837407.003665,-1.4833970800278073,-1.0033589042875302,1.1941109263393797,-0.28411706486676414,0.5544448528496502,0.7264691668860106
201,603,1773837407.239382,-1.3709171594447527,-0.92810776978038,1.1752876276333328,-0.15002235863258373,0.5709191216510965,0.7043078540544313
202,606,1773837407.474613,-1.266836076917195,-0.8531718751024172,1.0843152761584889,-0.023614831797248437,0.590988270697211,0.6099886788980718
203,609,1773837407.709789,-1.1429838230948894,-0.7572366230951517,1.009742383417233,0.1301495262855259,0.6197703194020128,0.5320689624753003
204,612,1773837407.945526,-0.9927169262799259,-0.7058018902836148,0.9384994892429139,0.28721452045172224,0.5970708873019374,0.4574920618379464
205,615,1773837408.181892,-0.7765847744599883,-0.6671266201139505,0.9227114900847084,0.4964818066742356,0.5313658956080871,0.4383700562167059
206,618,1773837408.416493,-0.6733000376787234,-0.6023653408102488,0.822009714583363,0.6178969031206073,0.5411093270508969,0.335444635988011
207,621,1773837408.652722,-0.6324975289220014,-0.5644803982250394,0.7421007599441054,0.6715704717805644,0.5559229103321637,0.25331203662140367
208,624,1773837408.889259,-0.46241902925669,-0.500500931716513,0.6485501213050141,0.8516185263020715,0.5325537036143146,0.15753775325496272
209,627,1773837409.124261,-0.4721040733297234,-0.5135652358721813,0.6070568170676971,0.8367973511568639,0.5263599569022562,0.11271511951628498
210,630,1773837409.360601,-0.25459643283534306,-0.4383284037594501,0.5343751901834985,1.063724207299209,0.48939937272250333,0.0367041631307257
211,633,1773837409.595081,-0.2125874263886147,-0.4353926952839382,0.4911119801302695,1.1020457614666137,0.47200784395606393,-0.007111302300030993
212,636,1773837409.830975,-0.2149023813726024,-0.4577761938347258,0.46259730840823976,1.08931272718185,0.45354194546048504,-0.03617822939958846
213,639,1773837410.066023,-0.15536871093131935,-0.4466103914989643,0.4099023485920741,1.1469211212707802,0.4349279782761612,-0.0894254445932818
214,642,1773837410.302355,-0.0716222642723274,-0.4379482346348029,0.3776176373618069,1.2245590174891456,0.4024475015458227,-0.12226241120107673
215,645,1773837410.538547,-0.10657047123028542,-0.4593146121106222,0.3763466442995285,1.183613471792202,0.40048534659663837,-0.12408565964088286
216,648,1773837410.773966,-0.09646022089516877,-0.4249424942702136,0.37166129002464526,1.2089576707202803,0.4258161906665335,-0.1293232692932938
217,651,1773837411.009309,-0.07800125690648296,-0.43471806523009865,0.3731317101134637,1.2204253732859058,0.4083945956454493,-0.12840510458200308
218,654,1773837411.245375,-0.14405082628399393,-0.43435360844286536,0.36703281989804176,1.1626754449459957,0.4405193483373125,-0.13505625017495276
219,657,1773837411.480032,-0.10488931967288807,-0.4485537881297392,0.37085139892708824,1.1901425387412665,0.4092601900979236,-0.1317899265234339
220,660,1773837411.714916,-0.12526497455941435,-0.46085540872813696,0.39363307078158505,1.1663333267525577,0.40834436533881063,-0.1095605100464648
221,663,1773837411.949755,-0.13810835859077353,-0.45083489822803613,0.3776570374093507,1.1598948854406688,0.42336830313327933,-0.126088798796227
222,666,1773837412.183838,-0.03985397982540499,-0.4389581820239806,0.3803073014162796,1.2516376232606607,0.3863428913134324,-0.12399079016682572
223,669,1773837412.419124,0.062802348210996,-0.3876113753429973,0.3927919440943629,1.3661207515129825,0.382047705138102,-0.11371749530332832
224,672,1773837412.654376,0.009390517478876086,-0.4209826554896264,0.4171128924156031,1.3030150466866535,0.3792716786142998,-0.0916078947966739
225,675,1773837412.889472,0.19188208252559805,-0.293115530844471,0.4214617967062881,1.5245164713459762,0.4020676373617597,-0.08947033832057476
226,678,1773837413.124494,0.30206317744751077,-0.25396986185744025,0.4373446493263716,1.6395735279388246,0.3829050710518883,-0.07690032632061883
227,681,1773837413.359313,0.45721538823624425,-0.18170671203349678,0.44997701156656655,1.8099622407038778,0.3695135896613402,-0.06758080470055161
228,684,1773837413.594621,0.5997048983638193,-0.10492984373666983,0.4432727894559805,1.9715710910165158,0.36609501306471426,-0.07759672605205313
229,687,1773837413.830457,0.6974793683426719,-0.06006751031667586,0.43600505781931476,2.0784615510959554,0.3563596132390307,-0.08817615692963433
230,690,1773837414.065205,0.7992847854789055,0.01395987578812439,0.4208466791626027,2.2036213096563424,0.36967910009215527,-0.10553803717349447
231,693,1773837414.299847,0.8494582792124004,0.0003411272478145575,0.428733841999933,2.240047912447501,0.33280320846738687,-0.09985437592331231
232,696,1773837414.534979,0.9007790838057439,0.005468500474953372,0.4289016253915261,2.28678665542907,0.3113547174229993,-0.10189009411886726
233,699,1773837414.769446,1.2635299685537758,0.18519136259088184,0.4026374487117532,2.690124601514175,0.28272922303160813,-0.13475851273371686
234,702,1773837415.004819,1.3670923713190595,0.23189230506398156,0.3829658120408052,2.802910835037492,0.27016012821613833,-0.15662752638582478
235,705,1773837415.240654,1.401440902029543,0.2286771628944633,0.3771933625192307,2.830591266174242,0.2500217081199557,-0.16459735288855917
236,708,1773837415.477573,1.510117388100283,0.2812203056052483,0.377466342706034,2.9506320447660426,0.23900481975727927,-0.16652174968291572
237,711,1773837415.71262,1.7811937762659147,0.3996866365157405,0.3746692228147855,3.2434120595271505,0.200085175586586,-0.17590065620649759
238,714,1773837415.949046,1.8667801023447166,0.4307224797825372,0.3787081712665129,3.3324978160490173,0.18218525399017138,-0.17405147060923154
239,717,1773837416.184973,1.9229955431874421,0.45387861204354885,0.37918600166352034,3.39237881849924,0.17267625088339777,-0.1757634030666854
240,720,1773837416.421064,2.0469760019787038,0.5095042749717423,0.374877085478843,3.5268929049016586,0.1546353351628259,-0.1822620821058241
241,723,1773837416.656295,2.0228182471567044,0.48955555567977505,0.3813697390628978,3.4958103081710865,0.15129412348561533,-0.17795382987365768
242,726,1773837416.892848,2.057552127393594,0.5143205919841106,0.38280720558813086,3.538357860362667,0.15458222325505533,-0.17870076470031304
243,729,1773837417.128374,2.3687389739226985,0.6416164547813721,0.3969198376249509,3.869372296548699,0.09664364934604774,-0.16677253401538142
244,732,1773837417.363961,2.4679736705840565,0.702700093087816,0.3861554955729262,3.9857510448600557,0.095735165287551,-0.18081008755695205
245,735,1773837417.599899,2.6054821109389477,0.7591990122560542,0.3786747448524661,4.13183464233964,0.06955105924284266,-0.19156404976695804
246,738,1773837417.835093,2.740125465136604,0.8217316942602261,0.38468657793720834,4.27876310693185,0.04979659475290321,-0.18882031516229317
247,741,1773837418.070103,2.824455215437686,0.855336355203618,0.3783417422602937,4.367578771807349,0.03227860231775803,-0.19843324931928524
248,744,1773837418.306029,2.9313735722453638,0.9001847663648486,0.37927605137448384,4.481532228735591,0.012006735266854696,-0.20075984203184177
249,747,1773837418.541559,3.0606824062634383,0.948646781418397,0.38517295877606766,4.615995400901845,-0.018315703774112957,-0.19812383645700463
250,750,1773837418.77637,3.1491735987411507,0.9876622446785361,0.37417311733550684,4.711122515134216,-0.034124758919920395,-0.2123827060278368
251,753,1773837419.011602,3.242813435947143,1.0492221393047534,0.3574651246031998,4.8229266360317045,-0.03467348025055039,-0.2323497268904152
252,756,1773837419.245871,3.357907397395813,1.1094565534413128,0.35579028863808876,4.9519397060424755,-0.0482621283243978,-0.2372781699813043
253,759,1773837419.480546,3.466535723726712,1.1515956167134338,0.3443992736739557,5.06531105403406,-0.07402185380832305,-0.25192279207121554
254,762,1773837419.715223,3.592697779298851,1.195025377968462,0.3525967149981981,5.194025263802542,-0.10845150672415393,-0.24696670775356136
255,765,1773837419.950237,3.7447058644228153,1.240186097273711,0.3670144980313017,5.344744160430736,-0.15693197928903213,-0.2357902817270459
256,768,1773837420.186091,3.8228338978821195,1.2878580376283664,0.344215382423594,5.435997217876733,-0.16155746232548773,-0.2618265022112372
257,771,1773837420.420777,3.939763581702497,1.3362884059668843,0.28316371474922725,5.559428957683856,-0.18834606901466666,-0.32611527476208757
258,774,1773837420.655694,4.046991382530779,1.3297250378251695,0.2559607943336849,5.64352296528566,-0.2545732223481991,-0.356538881090088
259,777,1773837420.890794,4.203304144336358,1.388204521413262,0.19123560932727066,5.804779183575753,-0.29657898775587066,-0.4244847520089599
260,780,1773837421.125976,4.31749816527527,1.3802238655289178,0.1402212304842215,5.89345923822594,-0.3687932697665004,-0.4786946882399166
261,783,1773837421.361706,4.433976125890063,1.3541624724985488,0.10935213467966387,5.972949702291796,-0.4575825903954114,-0.512759341432382
262,786,1773837421.59634,4.570848586543355,1.359672639473818,0.02752258011667905,6.087454401576675,-0.5325885614679615,-0.5977590115341802
263,789,1773837421.832456,4.694789309898283,1.3396838767793346,-0.04666173312424013,6.175982613036924,-0.6213273786766185,-0.6751134403139127
264,792,1773837422.06687,4.8613903940336085,1.3273974195420053,-0.1394796729633398,6.303649690975648,-0.729278132279628,-0.7710674702226707
265,795,1773837422.302347,4.908136808167365,1.2285683849979812,-0.20154502741284785,6.282764208261635,-0.8366277642423454,-0.8362689147418371
266,798,1773837422.537826,5.119278989892258,1.1835731105405967,-0.29501246931293573,6.4256237600855215,-0.9980466738828988,-0.9359579658475458
267,801,1773837422.774429,5.173915609499069,1.136172145468517,-0.3609881104355494,6.441456061748875,-1.068686683864295,-1.0039727142229147
268,804,1773837423.009348,5.252260800774904,1.0651043277275798,-0.41707672620789243,6.461696258148409,-1.172545838308068,-1.062100437248013
269,807,1773837423.243183,5.33921308768207,0.9397225402637851,-0.5141452213819087,6.455616952443141,-1.3250000450922141,-1.1612080396747848
270,810,1773837423.478071,5.398733858322329,0.8796489529081378,-0.5800812604610823,6.467221709742608,-1.408802390672255,-1.2301603490178263
271,813,1773837423.713432,5.513011617279503,0.738104139927329,-0.6860016620866397,6.472259290667654,-1.5906258154021014,-1.3390970209072517
272,816,1773837423.949464,5.606969843878298,0.5792418353326632,-0.7572148513631839,6.450608206053468,-1.7738632252284843,-1.4132713828172159
273,819,1773837424.184625,5.714254518963631,0.458262763487278,-0.8555742555755033,6.461563359804041,-1.9351517613017157,-1.5145919596629558
274,822,1773837424.420241,5.6389809419487396,0.4546077146454861,-0.8400558275392419,6.400204954125184,-1.8919567708817646,-1.5010230067993182
275,825,1773837424.656573,5.767947319799569,0.3114077884688255,-0.9651768896098804,6.414101065496041,-2.0841919417694097,-1.6280935440425808
276,828,1773837424.89206,5.806771018703173,0.2391205301600405,-0.9942976934349995,6.4000372482955665,-2.165045189832939,-1.659163823040324
277,831,1773837425.127405,5.830847619936162,0.11889706943416058,-1.0294577725175214,6.344898632145103,-2.27465248908894,-1.6972133350939216
278,834,1773837425.362894,5.861571198333469,0.008372724185994882,-1.0414089783942664,6.300324788459174,-2.3804420138213525,-1.7120539739417426
279,837,1773837425.598191,5.872127044599222,-0.07397536034682362,-1.032918007319684,6.25758533427413,-2.4516876585571827,-1.7064188330631305
280,840,1773837425.833701,5.91304604594968,-0.21634570860306923,-1.0267866414282205,6.200511249963964,-2.5884715871692645,-1.7031432973676375
281,843,1773837426.069686,5.965295754201123,-0.3361160594966417,-1.0259091181821816,6.166350582052786,-2.714662313081824,-1.705085072196083
282,846,1773837426.306311,6.0094180161718365,-0.43042581820139153,-1.0178358964815524,6.141183604705161,-2.8157376395619496,-1.6998311485699384
283,849,1773837426.541626,6.066958747248916,-0.5480991985176749,-1.0103215090835727,6.111849711477313,-2.943383679934311,-1.6950928684829936
284,852,1773837426.778317,6.1531254841431995,-0.6608988217354418,-1.0139209983136466,6.106989561397785,-3.08523194496149,-1.7014684650241023
285,855,1773837427.013098,6.215089945709304,-0.7787281134127554,-0.9960377951532835,6.080359183365667,-3.21565430937317,-1.686311880820839
286,858,1773837427.249371,6.3212548978881875,-0.9224861818253506,-1.0185487934144029,6.070426560746328,-3.3940794669377787,-1.7115494980390584
287,861,1773837427.484596,6.40855498991892,-1.0403215650484,-1.0287477929347284,6.062463154093502,-3.5405379609868866,-1.7244291706649155
288,864,1773837427.72092,6.492981605705813,-1.1531418821136432,-1.0659414602866801,6.054707989984883,-3.6812270207981213,-1.7643035111223988
289,867,1773837427.956832,6.549035092403985,-1.2652750089768476,-1.0721952703148294,6.025671553900152,-3.8032542576159676,-1.7731967669881514
290,870,1773837428.192787,6.609231807617302,-1.3905175350462695,-1.0908248692929967,5.990640148882368,-3.937766134012068,-1.794465811803922
291,873,1773837428.428329,6.689864372272623,-1.523642346221289,-1.1673712607625468,5.96610132837826,-4.091587562084664,-1.8736060379863342
292,876,1773837428.663462,6.7352702032213285,-1.6556603202881692,-1.2035292682279757,5.914717032875514,-4.221471145300353,-1.912357880164625
293,879,1773837428.899926,6.766993285357762,-1.7748928297461743,-1.2195490638650708,5.861273221072376,-4.332810309776854,-1.9309336063727685
294,882,1773837429.134286,6.799036584736854,-1.9099644306297763,-1.2477819193199813,5.797106259403167,-4.45601740028804,-1.961722392398727
295,885,1773837429.371067,6.833296401616182,-2.0468322554883103,-1.3203247494066765,5.733392865787344,-4.582075260479028,-2.036785040308192
296,888,1773837429.6071,6.846975842657706,-2.163569796586519,-1.3133584665748563,5.666793606913708,-4.679069862187312,-2.032338575299141
297,891,1773837429.842725,6.803451311132263,-2.3799551211186567,-1.3587741240711546,5.491047749289152,-4.813218267094517,-2.082749733651196
298,894,1773837430.078959,6.838008027629834,-2.4772839223868464,-1.3783781896529268,5.452546114430293,-4.909410985925721,-2.104815639285921
299,897,1773837430.31471,6.807350710998634,-2.67077161770345,-1.413168492174273,5.300862019553785,-5.033663790616147,-2.14206778186022
300,900,1773837430.551804,6.800288833547439,-2.79711825228926,-1.4334972123961265,5.211471073217838,-5.123417259413203,-2.1648262927920343
301,903,1773837430.787733,6.810501576928058,-2.93167134427931,-1.4818847931663262,5.128960835203593,-5.230358874787268,-2.2156436642721946
302,906,1773837431.023111,6.816314854544757,-3.043928797720202,-1.5401959355153385,5.058050232892441,-5.3178529582637655,-2.276358196600219
303,909,1773837431.258956,6.799055063712816,-3.159576265123503,-1.5705386425287673,4.967360342493083,-5.391939230314021,-2.30910429359266
304,912,1773837431.494752,6.780494210895,-3.2774848545782618,-1.639621442696894,4.874209290253002,-5.467031414264341,-2.3805651584318195
305,915,1773837431.731151,6.712616092174135,-3.444836459216504,-1.701805254606711,4.710919759963243,-5.544666720424297,-2.445127035012669
306,918,1773837431.967271,6.690419225551757,-3.5589922558762654,-1.7890455635921774,4.617295977508251,-5.614132851767993,-2.5339359165314117
307,921,1773837432.202183,6.657482837819322,-3.6044684938897156,-1.8180981964922376,4.562202504245379,-5.625577295644319,-2.5645571219647483
308,924,1773837432.437859,6.543552091436094,-3.803307427330651,-1.890582617264771,4.34338059354541,-5.694159247578212,-2.6386101152705583
309,927,1773837432.673558,6.519381390048936,-3.8151241934227587,-1.906165803966671,4.317554782009642,-5.686931134202515,-2.6565352466011922
310,930,1773837432.908301,6.399565296132887,-4.022307571066679,-2.017616744035197,4.088391609766085,-5.756743641184841,-2.7703281312984527
311,933,1773837433.143203,6.3079335765803055,-4.126088525874068,-2.07813161049912,3.9503360355445416,-5.7701542464517255,-2.8331816962925793
312,936,1773837433.378705,6.2171014535436955,-4.212963324149247,-2.1007705712577995,3.824407015596254,-5.771144760137553,-2.8581593555814626
313,939,1773837433.614482,6.149200797617109,-4.289028105052475,-2.1647095095866504,3.7226003295056787,-5.780174006005099,-2.9244327879061904
314,942,1773837433.849819,6.034893869238784,-4.413129136768907,-2.187598007872428,3.554010437854519,-5.791399581841929,-2.9496557801878454
315,945,1773837434.084289,5.934975583957013,-4.530236366988032,-2.2466679157988065,3.4006049018359397,-5.8074938696842295,-3.011058874181403
316,948,1773837434.320727,5.817492992674508,-4.622580822996477,-2.2540434526629793,3.2516516885478026,-5.792813649766878,-3.020767597112755
317,951,1773837434.556204,5.765969154374383,-4.710040671693421,-2.2431368326037875,3.153705007058889,-5.8203811842762185,-3.0121837438528822
318,954,1773837434.791807,5.692115567904661,-4.826679175392704,-2.2385007837604123,3.019277728711228,-5.852807629385165,-3.009870461808826
319,957,1773837435.027439,5.5861154238018,-4.998092954781665,-2.213836114546094,2.823305186463389,-5.9017985230752155,-2.9898342650199172
320,960,1773837435.263048,5.505109936868261,-5.0847003295623106,-2.1929378585921375,2.7046115324069238,-5.907227171240754,-2.971246851056537
321,963,1773837435.499979,5.407587954142741,-5.194734734713076,-2.1952252648992374,2.557673151079571,-5.917089616621549,-2.9758450993542134
322,966,1773837435.736448,5.3176004673840325,-5.3305104833863055,-2.242483572965824,2.3979119425513646,-5.950507698705296,-3.025410655543462
323,969,1773837435.972725,5.224533987861133,-5.399069240191424,-2.2549085667444095,2.283343729310655,-5.9334352219833,-3.040142897444709
324,972,1773837436.208273,5.133889907549756,-5.489920656522928,-2.2818405892095903,2.1548656883817716,-5.934044984234106,-3.069374063183093
325,975,1773837436.444728,5.033178383327262,-5.6521232303548885,-2.343804910138358,1.9686264072906487,-5.977103316603653,-3.1336375273850625
326,978,1773837436.681637,4.938183745317807,-5.696480844598463,-2.3427940916726353,1.8700465223988474,-5.941324061778488,-3.1349278449073403
327,981,1773837436.917573,4.8131958135997746,-5.8470242606093255,-2.3654706677816613,1.6748614952173178,-5.958056510873945,3.1232797501752203
328,984,1773837437.152929,4.705823017901469,-5.908774275070953,-2.372094638994069,1.5553015715245642,-5.925051872304254,3.114348472735053
329,987,1773837437.388068,4.600649745365433,-6.000095766657531,-2.373153788324044,1.4162419825033532,-5.91365638756092,3.1109820171773177
330,990,1773837437.623859,4.5021030848020525,-6.086240817817592,-2.3902312149515548,1.285517046184877,-5.9034316094550086,3.091595419631238
331,993,1773837437.859358,4.402836806164022,-6.178127697962337,-2.4021971337757835,1.1502157925651082,-5.896031770260861,3.0773203298884404
332,996,1773837438.095473,4.3005799294792055,-6.285534939218929,-2.4236604535508772,1.0016115178892333,-5.897299717358357,3.0535446651197966
333,999,1773837438.330596,4.184723088964578,-6.366486395782252,-2.4287453210976326,0.8627492942623058,-5.869733801883389,3.046147452579491
334,1002,1773837438.565731,4.084603132828741,-6.430349750503971,-2.432886186980292,0.7471394679710193,-5.841856994301021,3.039688824375779
335,1005,1773837438.80095,3.958566821283838,-6.544920642505617,-2.4293490260446324,0.5770286289310382,-5.829438096909025,3.0409082229903865
336,1008,1773837439.036159,3.8350636087018115,-6.6671648013427784,-2.4425658656536275,0.40309955069966863,-5.8241519797753245,3.0253736876125052
337,1011,1773837439.271157,3.723516826732885,-6.782992562202628,-2.4641282886931535,0.2420694281777762,-5.82235447568791,3.0014935688040936
338,1014,1773837439.507028,3.6358696612801866,-6.8452936600008565,-2.4618019582034467,0.13641279789579697,-5.801498445417902,3.001499123336811
339,1017,1773837439.742446,3.4990590945514857,-6.984362408228559,-2.469967953565594,-0.058834799364438695,-5.79634310726559,2.9910123520176737
340,1020,1773837439.977346,3.392073807670637,-7.024519788247803,-2.4732742420303664,-0.16135297291833917,-5.745648330718847,2.98537570955079
341,1023,1773837440.213303,3.2815534050703303,-7.122247086212642,-2.4903565443081894,-0.30837119275480207,-5.730822515868252,2.965963053270855
342,1026,1773837440.449791,3.198525711541717,-7.182912035701174,-2.5007949936491523,-0.4095875023109503,-5.711155863381373,2.953184810280025
343,1029,1773837440.68562,3.0701088684461517,-7.256765561581593,-2.5461979115200872,-0.5510181421596445,-5.666322187384027,2.9054420987592224
344,1032,1773837440.92172,2.9577812673080457,-7.3143003850394805,-2.5883100852182737,-0.6696176388454882,-5.622360380569224,2.860973451547826
345,1035,1773837441.156172,2.832858394659981,-7.354364799803761,-2.649206120201984,-0.7834646767966489,-5.556745656057078,2.7977209430509054
346,1038,1773837441.391481,2.7207539539575416,-7.39419674755886,-2.731747850581093,-0.8886674730642672,-5.500504630735438,2.7127974248825715
347,1041,1773837441.626753,2.5726543343367196,-7.399210143907659,-2.8063983818450478,-0.9916259749739385,-5.393684309221339,2.6357651058293934
348,1044,1773837441.861591,2.4373693730151005,-7.403561793102672,-2.8807432159676343,-1.0855555944478223,-5.295974360468891,2.559007581037956
349,1047,1773837442.09723,2.3062272178703607,-7.40100587660555,-2.9607133921674142,-1.171071196076312,-5.196296065778901,2.4766247141693256
350,1050,1773837442.332376,2.175796409199928,-7.390853548570218,-3.0338439298454865,-1.2505287772229865,-5.0921025312637855,2.4010446892537036
351,1053,1773837442.567717,2.0367200983580713,-7.353178726401587,-3.114133933926364,-1.3144598842670874,-4.962836258239823,2.3183051979352767
352,1056,1773837442.803242,1.91115061343851,-7.327480732775814,3.0867714216934283,-1.378543193291903,-4.851647436576158,2.233536199231488
353,1059,1773837443.038378,1.7686904588492638,-7.279241393632337,3.0083587414922497,-1.4360999963325884,-4.71257223656297,2.1526344718863153
354,1062,1773837443.274037,1.6444796634390408,-7.2023708804863364,2.9463129090578137,-1.4600745047772987,-4.568438191282015,2.0880564982218908
355,1065,1773837443.509407,1.538793677459165,-7.1313812320923855,2.8487621125581755,-1.475675051180319,-4.442031114763676,1.9879735604922644
356,1068,1773837443.74526,1.4252145184272407,-7.066537797709845,2.768411100418128,-1.50103237628948,-4.313648197037415,1.90505492111653
357,1071,1773837443.979777,1.3523640544513014,-7.006699908313914,2.6838204341381156,-1.5031237796253407,-4.219367973064838,1.8178966276008304
358,1074,1773837444.215504,1.2453825461243437,-6.913923264495066,2.61274426776772,-1.5023997036276633,-4.077756788334174,1.7442074673910954
359,1077,1773837444.451351,1.1428267549861955,-6.815251588386328,2.5420915814514307,-1.4935450623174695,-3.935707501980245,1.670941787235467
360,1080,1773837444.687221,1.0468880164609227,-6.7264841819256915,2.495765432313094,-1.4879323581310846,-3.805129073726935,1.6219656953246502
361,1083,1773837444.921982,0.9772220285314127,-6.6535593121069505,2.457752662377676,-1.4769593291347016,-3.7048762787948912,1.5813029826167522
362,1086,1773837445.158911,0.8754925734926516,-6.516613853445365,2.421229736327314,-1.437539389146667,-3.538989650904008,1.5420756928498236
363,1089,1773837445.393731,0.7643355095352087,-6.379648702888928,2.3962941722070314,-1.4031687182158672,-3.3659973508954484,1.5144357650129745
364,1092,1773837445.629274,0.6568756167598999,-6.297437449421544,2.3501536882345913,-1.4087454890543833,-3.230718006409962,1.4655421270581988
365,1095,1773837445.86567,0.5435199899831842,-6.168333957286646,2.3254036449324182,-1.3809060641784368,-3.0611978154120743,1.4380389297736902
366,1098,1773837446.10161,0.4289280733542157,-6.032138944087708,2.307871973962112,-1.3483559312214952,-2.8862422926337388,1.417700839995188
367,1101,1773837446.33718,0.3316270733845551,-5.903254350635576,2.2929489796577363,-1.309641425683024,-2.72949657112295,1.3999714268826167
368,1104,1773837446.573164,0.21701812533355874,-5.763187376401004,2.2787338321799746,-1.273090949772914,-2.552278709113021,1.382897480566028
369,1107,1773837446.809668,0.12682170654767758,-5.637785243877651,2.2707754202573356,-1.231768233620726,-2.4034797766483225,1.3720802698045613
370,1110,1773837447.045293,0.019812679535230467,-5.504699758772264,2.27502519031988,-1.1949929399712378,-2.236790466416263,1.373417952856785
371,1113,1773837447.280626,-0.08861501108067878,-5.375560377989486,2.2811575398380772,-1.1611904430728415,-2.071617071097688,1.376638215364661
372,1116,1773837447.516459,-0.20006880602293117,-5.254656377248783,2.276681439212985,-1.1357776985460193,-1.9091966309317132,1.369197497743858
373,1119,1773837447.752467,-0.31241089683510886,-5.13036287073405,2.269469060018568,-1.1072332879730262,-1.7441264530585034,1.3590205015537293
374,1122,1773837447.989208,-0.42621724649376047,-5.010628684350688,2.265635151173865,-1.0832218512303369,-1.580670880555484,1.3521698942614702
375,1125,1773837448.224927,-0.5258592111238249,-4.876436440167163,2.268033272705415,-1.0380943634003854,-1.4197824032571407,1.3515513173454639
376,1128,1773837448.460852,-0.6524059048414163,-4.77273130336962,2.242956949304744,-1.033514035883441,-1.2561072992031712,1.3234096040921919
377,1131,1773837448.696206,-0.733126488224807,-4.648070090879675,2.2494685403238246,-0.9835190520872281,-1.1163249865645737,1.326855805258672
378,1134,1773837448.931801,-0.8428337606506309,-4.532960014801096,2.2338131947871642,-0.9586823500629436,-0.9592427976829512,1.3080875121795175
379,1137,1773837449.165942,-0.9280713811897064,-4.41509596941786,2.234789005068125,-0.915971681695595,-0.8202520851774957,1.3059503749179848
380,1140,1773837449.401821,-1.0133723306129185,-4.330391818771603,2.221027079420741,-0.8999962690585659,-0.7010102499500654,1.2890292898884281
381,1143,1773837449.637113,-1.1090975093399755,-4.177374243785584,2.202601051581183,-0.8344458512894217,-0.5329136376554986,1.2674441026666976
382,1146,1773837449.873015,-1.2079053915606857,-4.09301514031715,2.1821407278799243,-0.825927540328534,-0.4030893019722941,1.2437814700551002
383,1149,1773837450.109252,-1.2764685337403212,-3.9525214945653544,2.139253862294022,-0.7533548798194976,-0.264727423824737,1.1976922955588587
384,1152,1773837450.344976,-1.3300335772902008,-3.837235524438897,2.0722080213955776,-0.6923272551957385,-0.1535293342782178,1.1274066720595786
385,1155,1773837450.579243,-1.420650429195714,-3.7550065541209867,1.994189256539095,-0.6790026404355585,-0.031906055061571514,1.0461481246022601
386,1158,1773837450.81486,-1.4829155908476717,-3.628448967688921,1.9227592142778351,-0.613004090688833,0.09294457516190857,0.9714467135733903
387,1161,1773837451.048988,-1.4575482868743892,-3.475427307356126,1.8470870980950143,-0.47390859280061814,0.16114755118971857,0.8925032286229592
388,1164,1773837451.284668,-1.5223846244279007,-3.3629588646975845,1.7670413941204197,-0.41999540350397213,0.27942701463915376,0.8091599841017755
389,1167,1773837451.519522,-1.4927766160609641,-3.248207733801016,1.6938519048299423,-0.3093203558172557,0.3212283748274739,0.7326729542647085
390,1170,1773837451.755391,-1.463397607043221,-3.1257543529822973,1.586974336070513,-0.19211933629650835,0.36784169129627564,0.6225011087417498
391,1173,1773837451.990291,-1.3013634209392695,-3.0213432440322046,1.585534686040869,-0.014206696320879786,0.2941978452475579,0.6177671819485763
392,1176,1773837452.226046,-1.2714911471879218,-2.9069845570223127,1.460939831020546,0.09671234084403224,0.33498683098086934,0.4898727688465517
393,1179,1773837452.46165,-1.1688976454276376,-2.7814677730773525,1.387043551319168,0.2580070910992003,0.3211497991979825,0.4126769310634725
394,1182,1773837452.696306,-1.1061140776786136,-2.6528964476117713,1.2887724394996372,0.3994331590575819,0.34200824996763257,0.31110387592893535
395,1185,1773837452.93101,-0.9966996071629121,-2.513935315200932,1.227711167836191,0.5755919350295873,0.32896401873071823,0.24674066095048305
396,1188,1773837453.165904,-0.9487320343558807,-2.453301406799122,1.1605069515542557,0.6526201669504981,0.32283745800651187,0.17789013834891299
397,1191,1773837453.400616,-0.9052796521927532,-2.4059915804876617,1.0890808605657738,0.7160385233175282,0.31284469044517826,0.10481774104079652
398,1194,1773837453.635522,-0.991248322785549,-2.5422088613075284,1.0573087196099673,0.5549564763518613,0.3092262924881046,0.07139929376535518
399,1197,1773837453.87087,-0.9001590162410574,-2.4780266407339258,1.0248254768992224,0.658651405400847,0.2687188849504497,0.037269744734975636
400,1200,1773837454.106652,-0.8290724643108263,-2.3938003376681287,0.9639013486867389,0.7680449941996135,0.25587086882551324,-0.024750075569906636
401,1203,1773837454.342511,-0.7904808255256983,-2.3649618157863013,0.9320421484110745,0.8132784566619149,0.2395434406631759,-0.057704967937969746
402,1206,1773837454.579521,-0.7703730133211387,-2.3522777294756443,0.9187051133021247,0.8348369573862913,0.22972664477068716,-0.0721376951393184
403,1209,1773837454.814464,-0.7671665251906773,-2.349446686532338,0.9201908712923772,0.8388826582197901,0.2286208352526139,-0.07174762924146458
404,1212,1773837455.049713,-0.761736288768598,-2.343077586602181,0.9209870321578515,0.8471070218699479,0.22757626783072016,-0.07204716046838895
405,1215,1773837455.285502,-0.7565623057147184,-2.3314849811926126,0.91855842921227,0.8595709637444249,0.22957711815950477,-0.07557145550636918
406,1218,1773837455.520054,-0.8186814652769189,-2.430495881590974,0.919345958985369,0.7427022394474672,0.22766670888134433,-0.07478392573327027
407,1221,1773837455.754283,-0.7506345646402616,-2.315532366581095,0.912401330993861,0.8761757962722054,0.23330586646339602,-0.08172855372477819
408,1224,1773837455.989837,-0.7669324340282384,-2.3518685102405392,0.9196151180195318,0.8368296287897339,0.22715647730115918,-0.07451476669910749
409,1227,1773837456.224419,-0.7847773059495818,-2.371529606146379,0.9187900158592051,0.810618425460286,0.23139569493300283,-0.07533986885943414
410,1230,1773837456.459715,-0.7547187133443778,-2.3254884843859047,0.9148939013121896,0.8656029227586601,0.23130114751871522,-0.0792359834064496
411,1233,1773837456.693815,-0.7520714237878791,-2.3247108163594055,0.915324469717841,0.8676982184017845,0.229505974623618,-0.07880541500079834
