candidate_id,branch_type,source_keyframe_id,target_keyframe_id,source_scan_index,target_scan_index,source_processed_index,target_processed_index,source_timestamp,target_timestamp,source_fraction,target_fraction,keyframe_gap,path_gap_m,pose_distance_m,pose_angle_diff_rad,descriptor_error,descriptor_shift_rad,relative_pose_init_dx,relative_pose_init_dy,relative_pose_init_dtheta,relative_pose_icp_dx,relative_pose_icp_dy,relative_pose_icp_dtheta,mean_residual_m,inlier_ratio,translation_correction_m,rotation_correction_rad,score,accepted_before_dedup,accepted_final,accepted_loop_id,rejection_reason
0,local,58,0,436,0,218,0,1774265806.78888,1774265766.515001,0.6823529411764706,0.0,58,14.143957004112663,2.4471986257736473,0.7734366311341904,,,0.004162063756994391,2.447195086464034,0.7734366311341904,0.004162063756994391,2.447195086464034,0.7734366311341904,inf,0.0,0.0,0.0,-inf,False,False,,below_inlier_ratio
1,local,59,0,442,0,221,0,1774265807.340666,1774265766.515001,0.6941176470588235,0.0,59,14.354262730429328,2.585448899465169,0.7496970284643205,,,0.16706701886463174,2.5800454691639327,0.7496970284643205,0.16706701886463174,2.5800454691639327,0.7496970284643205,inf,0.0,0.0,0.0,-inf,False,False,,below_inlier_ratio
2,local,60,0,448,0,224,0,1774265807.891046,1774265766.515001,0.7058823529411765,0.0,60,14.564916661649967,2.7133737010162884,0.7533664276137552,,,0.33914063490069557,2.6920959253202668,0.7533664276137552,0.33914063490069557,2.6920959253202668,0.7533664276137552,inf,0.0,0.0,0.0,-inf,False,False,,below_inlier_ratio
3,anchor,60,17,448,130,224,65,1774265807.891046,1774265778.563697,0.7058823529411765,0.2,43,10.764378574108079,4.929565992649494,2.3620155314708544,0.10145804398148149,0.0,0.07629045353277497,-0.07698432708296665,0.0,-0.02912803121815854,0.06612701525299598,0.0016368969409628043,0.012890841321619393,1.0,0.1777467671503026,0.0016368969409628043,0.9692526371163022,True,True,0,
4,anchor,60,15,448,114,224,57,1774265807.891046,1774265777.091201,0.7058823529411765,0.17647058823529413,45,11.195434033416248,4.548274095984275,2.3610961436312228,0.13279918981481484,-0.17453292519943295,0.048324566772836086,0.48721103388640763,-0.17453292519943295,0.4871368276324476,0.020014808813445917,-0.2396466808431496,0.06508632244685339,0.5813953488372093,0.64095905719722,0.06511375564371664,0.4489574328884481,False,False,,below_inlier_ratio
5,anchor,60,14,448,108,224,54,1774265807.891046,1774265776.534669,0.7058823529411765,0.16470588235294117,46,11.35543480660039,4.4049020426740695,2.0163684496897925,0.1349079861111111,-0.2617993877991494,0.0989000183121678,0.4636346962266359,-0.2617993877991494,0.677425586093207,-0.04913513376329004,-0.1180909460064902,0.07070615816240602,0.45348837209302323,0.7730619193339375,0.1437084417926592,0.29829059990759044,False,False,,below_inlier_ratio
6,anchor,60,16,448,122,224,61,1774265807.891046,1774265777.826819,0.7058823529411765,0.18823529411764706,44,10.988347475426503,4.74117604717996,2.3501917989533765,0.1374380787037037,0.0,-0.08296459742557194,0.4243776793482499,0.0,0.22054424083758023,0.054211808112094424,0.004002679252618373,0.0533206094200354,0.9186046511627907,0.4786861050123246,0.004002679252618373,0.8172152972788919,False,False,,lower_score_than_best_current
7,anchor,60,7,448,64,224,32,1774265807.891046,1774265772.456966,0.7058823529411765,0.08235294117647059,53,12.815329562788648,3.165142107466812,0.9256225326369203,0.18252256944444445,0.0,-0.1370078432836665,0.5800570482198314,0.0,0.1292157380183713,0.340905380506744,0.17884317764236365,0.06654814088261199,0.8023255813953488,0.3578666167879224,0.17884317764236365,0.6910486199518264,False,False,,lower_score_than_best_current
8,local,61,0,454,0,227,0,1774265808.441694,1774265766.515001,0.7176470588235294,0.0,61,14.775626738468235,2.817585393359596,0.648284863608989,,,0.5351827284666671,2.7662911806287354,0.648284863608989,0.5351827284666671,2.7662911806287354,0.648284863608989,inf,0.0,0.0,0.0,-inf,False,False,,below_inlier_ratio
9,anchor,61,15,454,114,227,57,1774265808.441694,1774265777.091201,0.7176470588235294,0.17647058823529413,46,11.406144110234516,4.527527007543775,2.2560145796264566,0.14076388888888888,-0.3490658503988659,0.18598986498402756,0.7702481861097962,-0.3490658503988659,-0.18798641110546355,1.5890098309774057,1.6450175587220932,0.20033823403871714,0.020833333333333332,0.9001271500094178,1.9940834091209592,-0.36922178616237356,False,False,,below_inlier_ratio
10,anchor,61,16,454,122,227,61,1774265808.441694,1774265777.826819,0.7176470588235294,0.18823529411764706,45,11.19905755224477,4.7226970447296415,2.2451102349486103,0.15501041666666668,-0.2617993877991494,0.08069945311265653,0.7501740898360476,-0.2617993877991494,0.40348702968993894,-0.020143803708902813,-0.20455230581040704,0.07336003015556349,0.7083333333333334,0.8352134318293525,0.05724708198874237,0.5485896058953975,False,False,,lower_score_than_best_current
11,anchor,61,17,454,130,227,65,1774265808.441694,1774265778.563697,0.7176470588235294,0.2,44,10.975088650926345,4.916148708216626,2.256933967466088,0.16061371527777776,-0.17453292519943295,0.162715420836265,0.2256581829794707,-0.17453292519943295,0.1570901693947131,-0.018139374385229088,-0.17443763559435768,0.024132361914370553,0.9583333333333334,0.2438624457163808,9.528960507526607e-05,0.909809962367071,True,False,,suppressed_by_dedup_cluster
12,anchor,61,14,454,108,227,54,1774265808.441694,1774265776.534669,0.7176470588235294,0.16470588235294117,47,11.566144883418659,4.382543871907467,1.9112868856850262,0.16670081018518515,-0.5235987755982988,0.3413096674224026,0.7359704899511595,-0.5235987755982988,-1.3312775233796927,0.6712513322941167,0.9275020222072595,inf,0.0,1.6738388453501376,1.4511007978055583,-inf,False,False,,below_inlier_ratio
13,anchor,61,8,454,70,227,35,1774265808.441694,1774265773.011149,0.7176470588235294,0.09411764705882353,53,12.798720684420603,3.288222524507041,0.9826700243385793,0.16925318287037036,0.0,-0.28860368870475883,0.8552844186320726,0.0,2.9836024875646063,-2.7643463607999763,2.828715544051109,inf,0.0,4.879452862711888,2.828715544051109,-inf,False,False,,below_inlier_ratio
14,local,62,1,460,2,230,1,1774265808.992601,1774265766.715578,0.7294117647058823,0.011764705882352941,61,14.758680205359095,2.8118717747137043,0.6984352457857192,,,-0.02065651994736714,2.811795900419385,0.6984352457857189,-0.02065651994736714,2.811795900419385,0.6984352457857189,inf,0.0,0.0,0.0,-inf,False,False,,below_inlier_ratio
15,local,62,2,460,20,230,10,1774265808.992601,1774265768.386976,0.7294117647058823,0.023529411764705882,60,14.524611162575898,2.819584556005069,0.7191717505384636,,,-0.3000327449000384,2.8035758274835456,0.7191717505384636,-0.3000327449000384,2.8035758274835456,0.7191717505384636,inf,0.0,0.0,0.0,-inf,False,False,,below_inlier_ratio
16,local,62,3,460,28,230,14,1774265808.992601,1774265769.128131,0.7294117647058823,0.03529411764705882,59,14.281750658954191,2.864374597184509,0.7611116612024345,,,-0.6597562321395948,2.7873578075211105,0.7611116612024346,-0.6597562321395948,2.7873578075211105,0.7611116612024346,inf,0.0,0.0,0.0,-inf,False,False,,below_inlier_ratio
17,local,62,0,460,0,230,0,1774265808.992601,1774265766.515001,0.7294117647058823,0.0,62,15.017691694962455,2.927862442812011,0.5056794121148508,,,0.7700677708598214,2.824778595272929,0.5056794121148508,0.7700677708598214,2.824778595272929,0.5056794121148508,inf,0.0,0.0,0.0,-inf,False,False,,below_inlier_ratio
18,local,62,4,460,36,230,18,1774265808.992601,1774265769.865751,0.7294117647058823,0.047058823529411764,58,13.975280414106795,2.944357191743052,0.6637594978442192,,,-0.689650581250498,2.862450235087049,0.6637594978442193,-0.689650581250498,2.862450235087049,0.6637594978442193,inf,0.0,0.0,0.0,-inf,False,False,,below_inlier_ratio
19,anchor,62,10,460,84,230,42,1774265808.992601,1774265774.308013,0.7294117647058823,0.11764705882352941,52,12.62366563115433,3.588888914460146,1.1357424707481245,0.1707936921296296,0.0,-0.2535052495599452,0.8563010069876944,0.0,-1.7257561385632967,-0.41737145023982497,0.9083443412730687,0.17905927599269883,0.08737864077669903,1.946731673464822,0.9083443412730687,-0.3317710196261354,False,False,,below_inlier_ratio
20,anchor,62,16,460,122,230,61,1774265808.992601,1774265777.826819,0.7294117647058823,0.18823529411764706,46,11.44112250873899,4.684469531714081,2.102504783454472,0.18717071759259263,-0.3490658503988659,0.17658529270450846,1.052275573675028,-0.3490658503988659,0.18965309182506745,1.214602400294665,-0.4038012108303384,0.08276896622268944,0.2524271844660194,0.16285197577633792,0.05473536043147248,0.15063625264412256,False,False,,below_inlier_ratio
21,anchor,62,14,460,108,230,54,1774265808.992601,1774265776.534669,0.7294117647058823,0.16470588235294117,48,11.808209839912879,4.34073050494225,1.768681434190888,0.19528877314814816,-0.6108652381980153,0.5121178938308427,1.0029610339094632,-0.6108652381980153,2.3811703963205892,-0.60267108494729,-1.820664356859848,0.10568583259043307,0.3592233009708738,2.464023489775942,1.2097991186618327,-0.053354836530245135,False,False,,below_inlier_ratio
22,anchor,62,11,460,90,230,45,1774265808.992601,1774265774.866308,0.7294117647058823,0.12941176470588237,51,12.414477981123195,3.7931560818330077,1.3939309558131558,0.19641782407407404,0.08726646259971647,-0.26512491997597853,0.7142975343086748,0.08726646259971647,-0.39771969373102567,0.2558687822565966,0.11352738256834227,0.08843149778544752,0.5048543689320388,0.47721933608685424,0.0262609199686258,0.3673878915394746,False,False,,below_inlier_ratio
23,local,63,2,466,20,233,10,1774265809.544922,1774265768.386976,0.7411764705882353,0.023529411764705882,61,14.768435025612266,2.8641872297804896,0.5739229906477676,,,-0.06405056502025241,2.8634709728506453,0.5739229906477679,-0.06405056502025241,2.8634709728506453,0.5739229906477679,inf,0.0,0.0,0.0,-inf,False,False,,below_inlier_ratio
24,local,63,1,466,2,233,1,1774265809.544922,1774265766.715578,0.7411764705882353,0.011764705882352941,62,15.002504068395464,2.8749497746426265,0.5531864858950233,,,0.2165168522283422,2.8667850738098273,0.5531864858950232,0.2165168522283422,2.8667850738098273,0.5531864858950232,inf,0.0,0.0,0.0,-inf,False,False,,below_inlier_ratio
25,local,63,3,466,28,233,14,1774265809.544922,1774265769.128131,0.7411764705882353,0.03529411764705882,60,14.52557452199056,2.8887514345669483,0.6158629013117385,,,-0.4264928236836818,2.857094454521749,0.6158629013117386,-0.4264928236836818,2.857094454521749,0.6158629013117386,inf,0.0,0.0,0.0,-inf,False,False,,below_inlier_ratio
26,local,63,4,466,36,233,18,1774265809.544922,1774265769.865751,0.7411764705882353,0.047058823529411764,59,14.219104277143163,2.9438908164177424,0.5185107379535233,,,-0.45071337569226755,2.909183836054508,0.5185107379535234,-0.45071337569226755,2.909183836054508,0.5185107379535234,inf,0.0,0.0,0.0,-inf,False,False,,below_inlier_ratio
27,anchor,63,11,466,90,233,45,1774265809.544922,1774265774.866308,0.7411764705882353,0.12941176470588237,52,12.658301844159563,3.7052246235749084,1.2486821959224599,0.12047280092592594,0.0,-0.2914172946483349,0.7906695893607452,0.0,-0.15584431403984556,0.21890910422297233,0.0249014305238457,0.07020735376332701,0.5221238938053098,0.5876138914593929,0.0249014305238457,0.39191007936985117,False,False,,below_inlier_ratio
28,anchor,63,10,466,84,233,42,1774265809.544922,1774265774.308013,0.7411764705882353,0.11764705882352941,53,12.867489494190698,3.504159193404763,0.9904937108574285,0.1635541087962963,-0.17453292519943295,-0.1698711927359769,0.9783816011826965,-0.17453292519943295,-0.017225773984384768,1.5584592342910095,-0.4051656956231539,0.12720024138357683,0.49557522123893805,0.5998255448865041,0.23063277042372096,0.29686078684552475,False,False,,below_inlier_ratio
29,anchor,63,0,466,0,233,0,1774265809.544922,1774265766.515001,0.7411764705882353,0.0,63,15.261515557998823,3.0090896557448366,0.3604306522241549,0.18168460648148152,0.08726646259971647,-0.43532652892853135,0.4826453155656907,0.08726646259971647,-0.5332941267454157,0.021984599175845353,0.4026393959187062,0.12097331870321393,0.4247787610619469,0.4709627860530132,0.3153729333189897,0.24094051708748218,False,False,,below_inlier_ratio
30,anchor,63,15,466,114,233,57,1774265809.544922,1774265777.091201,0.7411764705882353,0.17647058823529413,48,11.892032929765104,4.409650905957066,1.9681603682416227,0.1888871527777778,-0.6108652381980153,0.43523239468865366,1.1381403944749495,-0.6108652381980153,-1.2881777711184244,1.0120601065730832,0.2845300577841493,0.0651772852292145,0.061946902654867256,1.7280158675789403,0.8953952959821645,-0.22080173413134951,False,False,,below_inlier_ratio
31,local,64,2,474,20,237,10,1774265810.280026,1774265768.386976,0.7529411764705882,0.023529411764705882,62,15.015847871288138,2.897921342555738,0.4457439525779541,,,0.17386134505283968,2.8927012186426144,0.44574395257795413,0.17386134505283968,2.8927012186426144,0.44574395257795413,0.22830274200440454,0.009259259259259259,0.0,0.0,-0.2190434827451453,False,False,,below_inlier_ratio
32,local,64,3,474,28,237,14,1774265810.280026,1774265769.128131,0.7529411764705882,0.03529411764705882,61,14.772987367666431,2.9025005565660296,0.487683863241925,,,-0.19001567578650602,2.8962740760883663,0.48768386324192503,-0.19001567578650602,2.8962740760883663,0.48768386324192503,0.23277756353449078,0.009259259259259259,0.0,0.0,-0.2235183042752315,False,False,,below_inlier_ratio
33,local,64,1,474,2,237,1,1774265810.280026,1774265766.715578,0.7529411764705882,0.011764705882352941,63,15.249916914071335,2.9266585361872495,0.4250074478252097,,,0.45498370245281616,2.89107592739105,0.42500744782520966,0.45498370245281616,2.89107592739105,0.42500744782520966,0.24384222859966123,0.009259259259259259,0.0,0.0,-0.23458296934040196,False,False,,below_inlier_ratio
34,local,64,4,474,36,237,18,1774265810.280026,1774265769.865751,0.7529411764705882,0.047058823529411764,60,14.466517122819035,2.9328322392543136,0.39033169988370975,,,-0.21154774353939798,2.925192727977574,0.3903316998837098,-0.21154774353939798,2.925192727977574,0.3903316998837098,inf,0.0,0.0,0.0,-inf,False,False,,below_inlier_ratio
35,anchor,64,0,474,0,237,0,1774265810.280026,1774265766.515001,0.7529411764705882,0.0,64,15.508928403674695,3.0776792972682494,0.23225161415434128,0.11340972222222222,0.08726646259971647,-0.6421908530392042,0.43378828445184836,0.08726646259971647,-0.995403415102094,-0.15219401814852568,0.9301372158957558,0.15384715269294277,0.3888888888888889,0.6842034587459107,0.8428707532960393,0.12447785265655306,False,False,,below_inlier_ratio
36,anchor,64,12,474,96,237,48,1774265810.280026,1774265775.423431,0.7529411764705882,0.1411764705882353,52,12.712816306133714,3.7959041744282094,1.360349498686662,0.12862644675925927,0.0,-0.3815711482398838,0.7207394451398055,0.0,0.22859619512626833,-0.11918188890455611,0.35448177713514517,0.08878693087035361,0.42592592592592593,1.038158000640253,0.35448177713514517,0.21559910613478978,False,False,,below_inlier_ratio
37,anchor,64,1,474,2,237,1,1774265810.280026,1774265766.715578,0.7529411764705882,0.011764705882352941,63,15.249916914071335,2.9266585361872495,0.4250074478252097,0.1288857060185185,0.4363323129985824,-0.5886871632426274,0.40755011118333595,0.4363323129985824,-0.5061460436430086,0.04442446010777367,0.689153480041737,0.11594859648273965,0.6481481481481481,0.37238860736307383,0.25282116704315466,0.4823196325769433,False,False,,below_inlier_ratio
38,anchor,64,13,474,100,237,50,1774265810.280026,1774265775.794204,0.7529411764705882,0.15294117647058825,51,12.558543592828851,3.9481095853895822,1.6006410345920061,0.14066087962962964,0.0,-0.4141339348733885,0.7610726386788231,0.0,-0.12084454098024111,0.10829732552537465,0.28801205734244634,0.0871746683475878,0.5092592592592593,0.7156355762766358,0.28801205734244634,0.3361204304168856,False,False,,below_inlier_ratio
39,anchor,64,11,474,90,237,45,1774265810.280026,1774265774.866308,0.7529411764705882,0.12941176470588237,53,12.905714689835435,3.604029126652804,1.1205031578526463,0.14732233796296298,-0.17453292519943295,-0.30173974629635536,0.8932585484371418,-0.17453292519943295,-0.9421250630543669,0.6748430258779486,0.11219093695767378,0.0874025044893455,0.3055555555555556,0.6766082281601845,0.2867238621571067,0.1361560351423363,False,False,,below_inlier_ratio
40,local,65,3,480,28,240,14,1774265810.833176,1774265769.128131,0.7647058823529411,0.03529411764705882,62,14.987994796117217,2.9431353434228043,0.3478889258309342,,,0.005099830304753694,2.9431309249565065,0.34788892583093417,0.005099830304753694,2.9431309249565065,0.34788892583093417,inf,0.0,0.0,0.0,-inf,False,False,,below_inlier_ratio
41,local,65,4,480,36,240,18,1774265810.833176,1774265769.865751,0.7647058823529411,0.047058823529411764,61,14.681524551269822,2.9528905333935294,0.25053676247271894,,,-0.012801691946312088,2.9528627836200676,0.25053676247271905,-0.012801691946312088,2.9528627836200676,0.25053676247271905,inf,0.0,0.0,0.0,-inf,False,False,,below_inlier_ratio
42,local,65,2,480,20,240,10,1774265810.833176,1774265768.386976,0.7647058823529411,0.023529411764705882,63,15.230855299738925,2.954691496518392,0.3059490151669633,,,0.370769872487838,2.9313361358352354,0.30594901516696343,0.370769872487838,2.9313361358352354,0.30594901516696343,inf,0.0,0.0,0.0,-inf,False,False,,below_inlier_ratio
43,local,65,7,480,64,240,32,1774265810.833176,1774265772.456966,0.7647058823529411,0.08235294117647059,58,13.974348733264163,2.9943278626675647,0.2647127817665157,,,-0.7277858794950685,2.9045356019086626,0.26471278176651575,-0.7277858794950685,2.9045356019086626,0.26471278176651575,inf,0.0,0.0,0.0,-inf,False,False,,below_inlier_ratio
44,local,65,1,480,2,240,1,1774265810.833176,1774265766.715578,0.7647058823529411,0.011764705882352941,64,15.464924342522123,2.9975329144574707,0.28521251041421897,,,0.652650991541452,2.9256196363327645,0.2852125104142189,0.652650991541452,2.9256196363327645,0.2852125104142189,inf,0.0,0.0,0.0,-inf,False,False,,below_inlier_ratio
45,anchor,65,0,480,0,240,0,1774265810.833176,1774265766.515001,0.7647058823529411,0.0,65,15.723935832125482,3.1610906035322333,0.09245667674335054,0.10976765046296298,0.08726646259971647,-0.6767791102386824,0.25908023706010497,0.08726646259971647,-0.7817380575894065,0.05128122284548636,0.6973738736861697,0.1378733682804322,0.41836734693877553,0.2328020853376089,0.6101074110864532,0.2267083995702598,False,False,,below_inlier_ratio
46,anchor,65,12,480,96,240,48,1774265810.833176,1774265775.423431,0.7647058823529411,0.1411764705882353,53,12.927823734584502,3.7339591837318733,1.2205545612756712,0.11398263888888888,0.0,-0.43125459631265817,0.5497107798607568,0.0,-1.5741650230649198,-0.6269449136745577,1.0805075405722275,0.14690019218860972,0.336734693877551,1.6403544936104844,1.0805075405722275,-0.028226324700718536,False,False,,below_inlier_ratio
47,anchor,65,1,480,2,240,1,1774265810.833176,1774265766.715578,0.7647058823529411,0.011764705882352941,64,15.464924342522123,2.9975329144574707,0.28521251041421897,0.12471238425925925,0.2617993877991494,-0.4674447088244542,0.434767157061977,0.2617993877991494,-0.2567750811782167,0.19154907231463641,0.5123508705959903,0.11001392480825167,0.7959183673469388,0.32177123668962226,0.25055148279684086,0.6411997447298828,False,False,,above_mean_residual
48,anchor,65,13,480,100,240,50,1774265810.833176,1774265775.794204,0.7647058823529411,0.15294117647058825,52,12.773551021279639,3.8872009104936898,1.4608460971810153,0.15021672453703702,0.0,-0.46381738294616287,0.5900439733997744,0.0,-1.946645068736873,-0.9049001606356228,1.1567422074357039,0.12303752180447099,0.11224489795918367,2.105620077230049,1.1567422074357039,-0.27919174194007745,False,False,,below_inlier_ratio
49,anchor,65,3,480,28,240,14,1774265810.833176,1774265769.128131,0.7647058823529411,0.03529411764705882,62,14.987994796117217,2.9431353434228043,0.3478889258309342,0.15116464120370368,0.6108652381980153,-0.5198859345827652,0.040479563038845395,0.6108652381980153,-0.7780090495403654,0.16800034907008277,0.5760199989275506,0.10035802835878761,0.7244897959183674,0.2879046601662417,0.03484523927046468,0.5935990395794324,False,False,,above_mean_residual
50,local,66,7,488,64,244,32,1774265811.567376,1774265772.456966,0.7764705882352941,0.08235294117647059,59,14.19094251299239,2.9352439267335306,0.10455667911152057,,,-0.515798077279326,2.889569042764171,0.1045566791115206,-0.515798077279326,2.889569042764171,0.1045566791115206,inf,0.0,0.0,0.0,-inf,False,False,,below_inlier_ratio
51,local,66,4,488,36,244,18,1774265811.567376,1774265769.865751,0.7764705882352941,0.047058823529411764,62,14.898118330998049,2.9416283304140376,0.09038065981772385,,,0.19895265101720172,2.9348926857634376,0.0903806598177239,0.19895265101720172,2.9348926857634376,0.0903806598177239,inf,0.0,0.0,0.0,-inf,False,False,,below_inlier_ratio
52,local,66,3,488,28,244,14,1774265811.567376,1774265769.128131,0.7764705882352941,0.03529411764705882,63,15.204588575845445,2.9538537934446194,0.1877328231759391,,,0.21759818645327267,2.9458281114653357,0.1877328231759391,0.21759818645327267,2.9458281114653357,0.1877328231759391,inf,0.0,0.0,0.0,-inf,False,False,,below_inlier_ratio
53,local,66,6,488,56,244,28,1774265811.567376,1774265771.714619,0.7764705882352941,0.07058823529411765,60,14.437551689097148,2.9724297151979493,0.13683201100246029,,,-0.37534220882081715,2.9486364031649086,0.1368320110024603,-0.37534220882081715,2.9486364031649086,0.1368320110024603,inf,0.0,0.0,0.0,-inf,False,False,,below_inlier_ratio
54,local,66,2,488,20,244,10,1774265811.567376,1774265768.386976,0.7764705882352941,0.023529411764705882,64,15.447449079467152,2.982691902068174,0.1457929125119682,,,0.5831944549901211,2.9251214009561783,0.14579291251196821,0.5831944549901211,2.9251214009561783,0.14579291251196821,inf,0.0,0.0,0.0,-inf,False,False,,below_inlier_ratio
55,anchor,66,14,488,108,244,54,1774265811.567376,1774265776.534669,0.7764705882352941,0.16470588235294117,52,12.731047756804132,4.018988881813157,1.1953025961643926,0.13789641203703704,0.0,-0.38624612256994895,0.3629848116276533,0.0,-1.0986338450263635,0.19943638217162332,0.2958560572689697,0.06621646445780602,0.2,0.7309202117086184,0.2958560572689697,0.04589871150788366,False,False,,below_inlier_ratio
56,anchor,66,1,488,2,244,1,1774265811.567376,1774265766.715578,0.7764705882352941,0.011764705882352941,65,15.681518122250349,3.0406065508808657,0.1250564077592239,0.14105295138888888,0.08726646259971647,-0.11280571630833558,0.28285262745778794,0.08726646259971647,0.0863893345830772,0.2638850238599229,0.3515419400867009,0.08464997075671862,0.7555555555555555,0.20009607263981535,0.26427547748698443,0.6376822036605062,True,False,,suppressed_by_dedup_cluster
57,anchor,66,15,488,114,244,57,1774265811.567376,1774265777.091201,0.7764705882352941,0.17647058823529413,51,12.57104698361999,4.167166417409111,1.5400302901058232,0.14150983796296296,0.17453292519943295,-0.46574443441262153,0.276590261251094,0.17453292519943295,-1.3012563206120324,0.1090867906052489,0.37462096263548167,0.0615996848750633,0.2222222222222222,0.8521370339674839,0.20008803743604872,0.0654044320786081,False,False,,below_inlier_ratio
58,anchor,66,13,488,100,244,50,1774265811.567376,1774265775.794204,0.7764705882352941,0.15294117647058825,53,12.990144801007865,3.7885900812343456,1.3006899945260202,0.16521527777777775,-0.17453292519943295,-0.1605807945550632,0.35151848046739126,-0.17453292519943295,-0.73960133152704,-0.09594784492124735,0.37257643238007926,0.18160081552383067,0.4777777777777778,0.7317724336104273,0.5471093575795123,0.19564425101392877,False,False,,below_inlier_ratio
59,anchor,66,4,488,36,244,18,1774265811.567376,1774265769.865751,0.7764705882352941,0.047058823529411764,62,14.898118330998049,2.9416283304140376,0.09038065981772385,0.16557957175925925,0.3490658503988659,-0.1385399510723877,0.04533219572566155,0.3490658503988659,-0.45801349233163274,0.7329391315980476,-0.12918743569084204,0.13532616968500646,0.32222222222222224,0.7581996055291338,0.47825328608970796,0.087163427679817,False,False,,below_inlier_ratio
60,local,67,7,494,64,247,32,1774265812.119461,1774265772.456966,0.788235294117647,0.08235294117647059,60,14.39917803035043,2.898426749165363,0.0106251085862695,,,-0.30823262967364307,2.8819906776882167,-0.010625108586269522,-0.30823262967364307,2.8819906776882167,-0.010625108586269522,inf,0.0,0.0,0.0,-inf,False,False,,below_inlier_ratio
61,local,67,8,494,70,247,35,1774265812.119461,1774265773.011149,0.788235294117647,0.09411764705882353,59,14.171859075164118,2.9425828798326075,0.1515039471201557,,,-0.9936250534484284,2.769747869002445,0.1515039471201558,-0.9936250534484284,2.769747869002445,0.1515039471201558,inf,0.0,0.0,0.0,-inf,False,False,,below_inlier_ratio
62,local,67,4,494,36,247,18,1774265812.119461,1774265769.865751,0.788235294117647,0.047058823529411764,63,15.10635384835609,2.9524749854383128,0.02480112788006622,,,0.4063898153941261,2.924372728908357,-0.0248011278800662,0.4063898153941261,2.924372728908357,-0.0248011278800662,inf,0.0,0.0,0.0,-inf,False,False,,below_inlier_ratio
63,local,67,6,494,56,247,28,1774265812.119461,1774265771.714619,0.788235294117647,0.07058823529411765,61,14.64578720645519,2.9525231037123074,0.02165022330467023,,,-0.16764031020300152,2.9477600656006615,0.021650223304670212,-0.16764031020300152,2.9477600656006615,0.021650223304670212,inf,0.0,0.0,0.0,-inf,False,False,,below_inlier_ratio
64,local,67,3,494,28,247,14,1774265812.119461,1774265769.128131,0.788235294117647,0.03529411764705882,64,15.412824093203486,2.985932179345679,0.07255103547814899,,,0.42507566352984216,2.9555205395880284,0.07255103547814899,0.42507566352984216,2.9555205395880284,0.07255103547814899,inf,0.0,0.0,0.0,-inf,False,False,,below_inlier_ratio
65,anchor,67,4,494,36,247,18,1774265812.119461,1774265769.865751,0.788235294117647,0.047058823529411764,63,15.10635384835609,2.9524749854383128,0.02480112788006622,0.15029398148148146,0.17453292519943295,-0.10146739141137973,0.07699434931241167,0.17453292519943295,-0.35485616740718257,0.566331270663906,-0.13107599708385323,0.12453511378491015,0.6458333333333334,0.5510503555923085,0.3056089222832862,0.4509127378750281,False,False,,below_inlier_ratio
66,anchor,67,15,494,114,247,57,1774265812.119461,1774265777.091201,0.788235294117647,0.17647058823529413,52,12.77928250097803,4.090565118353215,1.424848502408033,0.15150491898148147,0.0,-0.42373701496310373,0.30133381315380636,0.0,-1.0752851761151583,0.25972721074999805,0.09444046822652448,0.06040782410537841,0.3333333333333333,0.6528752680751603,0.09444046822652447,0.20291595900911263,False,False,,below_inlier_ratio
67,anchor,67,14,494,108,247,54,1774265812.119461,1774265776.534669,0.788235294117647,0.16470588235294117,53,12.939283274162173,3.942826699785871,1.0801208084666025,0.15378269675925924,-0.08726646259971647,-0.3875654938187989,0.3196076722156197,-0.08726646259971647,-0.8556694304151046,0.32407838180611614,0.023949066541515036,0.06011636452490248,0.3020833333333333,0.4681252852615427,0.11121552914123152,0.18959366382521498,False,False,,below_inlier_ratio
68,anchor,67,3,494,28,247,14,1774265812.119461,1774265769.128131,0.788235294117647,0.03529411764705882,64,15.412824093203486,2.985932179345679,0.07255103547814899,0.16045688657407406,0.08726646259971647,-0.04728939371527785,0.19721877927749343,0.08726646259971647,-0.20299871151177698,0.2987329141941417,0.09585815608611244,0.08639429515678222,0.8125,0.1858776781556264,0.008591693486395963,0.7070883523533354,True,True,1,
69,anchor,67,1,494,2,247,1,1774265812.119461,1774265766.715578,0.788235294117647,0.011764705882352941,66,15.88975363960839,3.1029505287243597,0.009874620061433803,0.16711284722222222,0.08726646259971647,-0.14611388542071257,0.1718347588637766,0.08726646259971647,0.33280966796334505,0.30690726818832365,0.17526477227587078,0.10097242340032916,0.7916666666666666,0.49760662451503007,0.08799830967615431,0.6365336653310267,False,False,,above_mean_residual
70,local,68,7,500,64,250,32,1774265812.67062,1774265772.456966,0.8,0.08235294117647059,61,14.608602654454042,2.869531618669549,0.00034657195307133404,,,-0.09963040533990242,2.8678015086257473,0.00034657195307132265,-0.09963040533990242,2.8678015086257473,0.00034657195307132265,0.1508841454960853,0.008130081300813009,0.0,0.0,-0.1427540641952723,False,False,,below_inlier_ratio
71,local,68,8,500,70,250,35,1774265812.67062,1774265773.011149,0.8,0.09411764705882353,60,14.38128369926773,2.897897320619949,0.16247562765949652,,,-0.7854680587282228,2.7894172885342945,0.1624756276594966,-0.7854680587282228,2.7894172885342945,0.1624756276594966,0.1522020641959796,0.008130081300813009,0.0,0.0,-0.1440719828951666,False,False,,below_inlier_ratio
72,local,68,6,500,56,250,28,1774265812.67062,1774265771.714619,0.8,0.07058823529411765,62,14.855211830558801,2.9406000186210015,0.032621903844011056,,,0.04131115403700836,2.94030982348221,0.03262190384401105,0.04131115403700836,2.94030982348221,0.03262190384401105,0.13390022202674778,0.008130081300813009,0.0,0.0,-0.1257701407259348,False,False,,below_inlier_ratio
73,local,68,4,500,36,250,18,1774265812.67062,1774265769.865751,0.8,0.047058823529411764,64,15.315778472459701,2.9715175160854077,0.013829447340725387,,,0.6147699405796994,2.9072279354330033,-0.013829447340725354,0.6147699405796994,2.9072279354330033,-0.013829447340725354,inf,0.0,0.0,0.0,-inf,False,False,,below_inlier_ratio
74,local,68,5,500,48,250,24,1774265812.67062,1774265770.972939,0.8,0.058823529411764705,63,15.096317447312959,2.9963406605727974,0.04244005693814959,,,0.24912641286287673,2.9859660722479613,0.04244005693814958,0.24912641286287673,2.9859660722479613,0.04244005693814958,0.12338046541679334,0.008130081300813009,0.0,0.0,-0.11525038411598033,False,False,,below_inlier_ratio
75,anchor,68,3,500,28,250,14,1774265812.67062,1774265769.128131,0.8,0.03529411764705882,65,15.622248717307098,3.0259047574631883,0.08352271601748984,0.10273842592592591,0.0,0.14791210180209424,0.25991687311615663,0.0,0.12205149355596662,0.3751176027211695,-0.12628916771646737,0.10040068544587916,0.8373983739837398,0.11806768889237637,0.12628916771646737,0.7188764612627997,False,False,,above_mean_residual
76,anchor,68,2,500,20,250,10,1774265812.67062,1774265768.386976,0.8,0.023529411764705882,66,15.865109220928804,3.086956312325009,0.041582805353518965,0.1074965277777778,0.0,0.03730392381882219,0.2999764752263548,0.0,0.2863705182168462,0.3836563823114998,-0.04619845077004705,0.09020651600747195,0.8130081300813008,0.26274796915448906,0.04619845077004704,0.6942168946198776,True,False,,suppressed_by_dedup_cluster
77,anchor,68,15,500,114,250,57,1774265812.67062,1774265777.091201,0.8,0.17647058823529413,53,12.988707125081643,4.016590650440184,1.4358201829473738,0.11191261574074074,0.0,-0.2643099047189142,0.29634110548026615,0.0,-0.804741671484564,0.3234346287289527,0.005692013127750041,0.08630480000396451,0.43902439024390244,0.5411104818163004,0.005692013127750041,0.29832394140192037,False,False,,below_inlier_ratio
78,anchor,68,14,500,108,250,54,1774265812.67062,1774265776.534669,0.8,0.16470588235294117,54,13.148707898265785,3.869657358732305,1.0910924890059435,0.11357870370370371,-0.17453292519943295,-0.18444213789543906,0.347456857152571,-0.17453292519943295,-0.5793866699522897,0.3710005427902307,-0.07865477118684466,0.09136608569714814,0.4146341463414634,0.3956456603262693,0.09587815401258827,0.2789095869110589,False,False,,below_inlier_ratio
79,anchor,68,13,500,100,250,50,1774265812.67062,1774265775.794204,0.8,0.15294117647058825,55,13.407804942469518,3.6308695310363146,1.196479887367571,0.11388715277777778,-0.4363323129985824,0.09076605554920386,0.334730483935136,-0.4363323129985824,-0.253509707827534,0.10540260247268371,0.05545548158461611,0.11949182800166924,0.4878048780487805,0.4136630010826351,0.49178779458319843,0.3023573602096878,False,False,,below_inlier_ratio
80,local,69,7,506,64,253,32,1774265813.222719,1774265772.456966,0.8117647058823529,0.08235294117647059,62,14.815203550825014,2.8862972442287984,0.0191075051213479,,,0.10576489483141871,2.8843587795321293,0.01910750512134791,0.10576489483141871,2.8843587795321293,0.01910750512134791,inf,0.0,0.0,0.0,-inf,False,False,,below_inlier_ratio
81,local,69,8,506,70,253,35,1774265813.222719,1774265773.011149,0.8117647058823529,0.09411764705882353,61,14.587884595638702,2.8986482602786223,0.18123656082777312,,,-0.5854390133769671,2.838912273817651,0.1812365608277732,-0.5854390133769671,2.838912273817651,0.1812365608277732,inf,0.0,0.0,0.0,-inf,False,False,,below_inlier_ratio
82,local,69,6,506,56,253,28,1774265813.222719,1774265771.714619,0.8117647058823529,0.07058823529411765,63,15.061812726929773,2.97368465726155,0.05138283701228763,,,0.24606518501617192,2.963486521912276,0.051382837012287616,0.24606518501617192,2.963486521912276,0.051382837012287616,inf,0.0,0.0,0.0,-inf,False,False,,below_inlier_ratio
83,local,69,9,506,78,253,39,1774265813.222719,1774265773.750477,0.8117647058823529,0.10588235294117647,60,14.343632774595745,2.985701772850239,0.27203545123726336,,,-1.0837902343564016,2.7820520851189636,0.2720354512372635,-1.0837902343564016,2.7820520851189636,0.2720354512372635,inf,0.0,0.0,0.0,-inf,False,False,,below_inlier_ratio
84,anchor,69,3,506,28,253,14,1774265813.222719,1774265769.128131,0.8117647058823529,0.03529411764705882,66,15.82884961367807,3.107253934647168,0.1022836491857664,0.11663859953703704,0.0,0.19717737075344133,0.21923899406733255,0.0,0.3567195773261484,0.3999099117532648,-0.1270609328493613,0.09101393333950693,0.7916666666666666,0.2410304880623305,0.1270609328493613,0.6701966378784586,True,False,,suppressed_by_dedup_cluster
85,anchor,69,4,506,36,253,18,1774265813.222719,1774265769.865751,0.8117647058823529,0.047058823529411764,65,15.522379368830673,3.0338943912540195,0.00493148582755118,0.1280601851851852,0.08726646259971647,0.14014991503653018,0.12023745297127891,0.08726646259971647,-0.02098790537533506,0.4718049205883929,0.026411199256421596,0.07472860535775919,0.7833333333333333,0.3867364496059261,0.06085526334329487,0.6668883198478168,False,False,,lower_score_than_best_current
86,anchor,69,17,506,130,253,65,1774265813.222719,1774265778.563697,0.8117647058823529,0.2,52,12.764252562144446,4.402234869645378,1.4555005039552822,0.14792361111111113,0.0,-0.08211683608760018,-0.2494389130981064,0.0,0.12081540665999375,-0.020628400584508457,-0.22235310190412186,0.12057201835922249,0.5833333333333334,0.3058361420488163,0.22235310190412186,0.42106004567402316,False,False,,below_inlier_ratio
87,anchor,69,15,506,114,253,57,1774265813.222719,1774265777.091201,0.8117647058823529,0.17647058823529413,54,13.195308021452615,3.983012887179231,1.4545811161156506,0.14888802083333333,-0.08726646259971647,-0.17828133216425074,0.30196355194389757,-0.08726646259971647,-0.5388077717171244,0.3251221861472376,-0.028313781299524797,0.08556829572966633,0.5916666666666667,0.3612694783050956,0.05895268130019168,0.46702378904148123,False,False,,below_inlier_ratio
88,anchor,69,5,506,48,253,24,1774265813.222719,1774265770.972939,0.8117647058823529,0.058823529411764705,64,15.302918343683931,3.0451318407231533,0.061200990106426156,0.15720746527777776,0.17453292519943295,-0.21104685168732212,0.29226307462254775,0.17453292519943295,-0.4083664336346778,0.3750961104172383,0.25897473652060005,0.08625931233956512,0.6583333333333333,0.2140007692482522,0.0844418113211671,0.5464518535028846,False,False,,lower_score_than_best_current
89,local,70,8,514,70,257,35,1774265813.961438,1774265773.011149,0.8235294117647058,0.09411764705882353,62,14.85259686088164,2.9469623190642884,0.1207327491628818,,,-0.3410701870274553,2.927158697014196,0.1207327491628819,-0.3410701870274553,2.927158697014196,0.1207327491628819,0.1925007995554121,0.010309278350515464,0.0,0.0,-0.18219152120489665,False,False,,below_inlier_ratio
90,local,70,7,514,64,257,32,1774265813.961438,1774265772.456966,0.8235294117647058,0.08235294117647059,63,15.079915816067953,2.9541635184246773,0.0413963065435434,,,0.3611737431171962,2.9320019817309135,-0.04139630654354341,0.3611737431171962,2.9320019817309135,-0.04139630654354341,0.20269422879833207,0.010309278350515464,0.0,0.0,-0.19238495044781662,False,False,,below_inlier_ratio
91,anchor,70,16,514,122,257,61,1774265813.961438,1774265777.826819,0.8235294117647058,0.18823529411764706,54,13.252933728705807,4.17848730084391,1.3831729597729128,0.14205179398148146,0.0,-0.07664199179897668,0.2974138045645236,0.0,-0.2499586980077404,-0.018511175828654736,0.2708729894784404,0.09628575213617234,0.6494845360824743,0.3603432722939129,0.2708729894784404,0.5036208072429886,False,False,,below_inlier_ratio
92,anchor,70,15,514,114,257,57,1774265813.961438,1774265777.091201,0.8235294117647058,0.17647058823529413,55,13.460020286695553,3.9825952579146966,1.394077304450759,0.1491038773148148,-0.08726646259971647,-0.0102135071765172,0.33292400091206054,-0.08726646259971647,-0.10126752549943398,0.19384716958503687,-0.08477255301858094,0.09610493203836377,0.6494845360824743,0.16623236527438168,0.0024939095811355315,0.5366316720376155,False,False,,below_inlier_ratio
93,anchor,70,7,514,64,257,32,1774265813.961438,1774265772.456966,0.8235294117647058,0.08235294117647059,63,15.079915816067953,2.9541635184246773,0.0413963065435434,0.1811362847222222,0.0,-0.13068523765707124,0.45309317343610506,0.0,-0.41557020363604386,0.39125234975101014,0.00659112659960555,0.10828412865667211,0.6701030927835051,0.2915196928423385,0.00659112659960555,0.5323374385126188,False,False,,above_mean_residual
94,anchor,70,5,514,48,257,24,1774265813.961438,1774265770.972939,0.8235294117647058,0.058823529411764705,65,15.56763060892687,3.149830273753982,0.000697178441534857,0.18203385416666665,0.17453292519943295,-0.05671895280132422,0.36566772585018387,0.17453292519943295,-0.017002478102986242,0.4614999236078053,0.1654663589417885,0.10173519806165791,0.8556701030927835,0.10373624482079338,0.00906656625764446,0.743107952236164,False,False,,above_mean_residual
95,anchor,70,12,514,96,257,48,1774265813.961438,1774265775.423431,0.8235294117647058,0.1411764705882353,58,14.033390817388291,3.441540127810674,0.9144454729656121,0.18581655092592594,-0.5235987755982988,0.36907898561017,0.2201668755543596,-0.5235987755982988,0.4956931625306998,-0.003490217943611811,-0.18467702301774952,0.1671086362577543,0.44329896907216493,0.25700903732986424,0.33892175258054924,0.23354334145239672,False,False,,below_inlier_ratio
96,local,71,8,524,70,262,35,1774265814.884133,1774265773.011149,0.8352941176470589,0.09411764705882353,63,15.145937773963972,2.9725072907584695,0.12653517974417078,,,-0.13195956397222464,2.9695767824874535,0.12653517974417092,4.548840969359196,-13.488197086243765,-2.421640004461265,inf,0.0,17.11047089787794,2.548175184205436,-inf,False,False,,below_inlier_ratio
97,local,71,7,524,64,262,32,1774265814.884133,1774265772.456966,0.8352941176470589,0.08235294117647059,64,15.373256729150285,2.9956910916278736,0.03559387596225441,,,0.5743891727239134,2.940109214759915,-0.035593875962254426,6.426085831166096,-3.5643905327644467,-1.5572779204117166,inf,0.0,8.74933544607634,1.5216840444494621,-inf,False,False,,below_inlier_ratio
98,anchor,71,15,524,114,262,57,1774265814.884133,1774265777.091201,0.8352941176470589,0.17647058823529413,56,13.753361199777885,3.963698753208249,1.3998797350320482,0.08570601851851854,-0.08726646259971647,0.13331177917651635,0.5608488396279329,-0.08726646259971647,0.4028252007468079,0.13503243320763708,-0.45941705554827056,0.09309666414301386,0.5523809523809524,0.5039415604841698,0.37215059294855407,0.39028260254209385,False,False,,below_inlier_ratio
99,anchor,71,14,524,108,262,54,1774265814.884133,1774265776.534669,0.8352941176470589,0.16470588235294117,57,13.913361972962027,3.822390141069864,1.0551520410906177,0.1134525462962963,-0.2617993877991494,0.2530700651841015,0.5388998436635875,-0.2617993877991494,0.5614736952352564,0.08633460857019966,-0.22127199046637314,0.10737415125768349,0.580952380952381,0.5476569099754544,0.04052739733277627,0.4167861688305133,False,False,,below_inlier_ratio
100,anchor,71,16,524,122,262,61,1774265814.884133,1774265777.826819,0.8352941176470589,0.18823529411764706,55,13.54627464178814,4.157090639803108,1.388975390354202,0.12087847222222224,0.0,0.046472178899092886,0.5369803733918607,0.0,0.14196400590960193,0.12047229055411189,-0.30033619144963364,0.12141891317174304,0.6571428571428571,0.4273144885151707,0.3003361914496336,0.47797568554711534,False,False,,above_mean_residual
101,anchor,71,17,524,130,262,65,1774265814.884133,1774265778.563697,0.8352941176470589,0.2,54,13.322305740469716,4.380700707486699,1.4007991228716798,0.12687355324074076,0.0,0.2057272298574398,0.03561836696064413,0.0,-0.12748413442615486,-0.026633758694939964,0.3576893931058518,0.11075563837663119,0.7047619047619048,0.338976607506142,0.35768939310585174,0.5422241359793669,False,False,,above_mean_residual
102,anchor,71,7,524,64,262,32,1774265814.884133,1774265772.456966,0.8352941176470589,0.08235294117647059,64,15.373256729150285,2.9956910916278736,0.03559387596225441,0.14472916666666666,-0.08726646259971647,0.05294128204004181,0.7127880754011824,-0.08726646259971647,-0.0018555558427913212,0.4041973993630746,-0.09416042179582423,0.12400332904702216,0.8476190476190476,0.3134180894262708,0.00689395919610776,0.691929211669593,False,False,,above_mean_residual
103,local,72,8,530,70,265,35,1774265815.435102,1774265773.011149,0.8470588235294118,0.09411764705882353,64,15.365242670049572,2.9904014302089967,0.04605845201977293,,,0.08199368232688697,2.9892771283128825,0.046058452019772975,-0.38744410713689437,-10.606512559442713,1.8316167647104513,inf,0.0,13.603891688478631,1.7855583126906784,-inf,False,False,,below_inlier_ratio
104,anchor,72,15,530,114,265,57,1774265815.435102,1774265777.091201,0.8470588235294118,0.17647058823529413,57,13.972666095863485,3.9330079495995007,1.3194030073076504,0.1187488425925926,-0.17453292519943295,0.19735912718847437,0.7234830929363173,-0.17453292519943295,0.5443776412590208,0.14651905385963163,-0.4609838620249376,0.06235324177744989,0.5490196078431373,0.6732825198201816,0.2864509368255046,0.40501556724239407,False,False,,below_inlier_ratio
105,anchor,72,9,530,78,265,39,1774265815.435102,1774265773.750477,0.8470588235294118,0.10588235294117647,63,15.120990849006615,3.0234454825221504,0.13685734242926317,0.12187789351851852,0.08726646259971647,-0.10735914604947072,0.658905549252478,0.08726646259971647,-0.28475316313118276,0.4388667090228968,0.3981393151397977,0.14078466634111136,0.5588235294117647,0.28264063491643576,0.31087285254008123,0.3742311569520057,False,False,,below_inlier_ratio
106,anchor,72,7,530,64,265,32,1774265815.435102,1774265772.456966,0.8470588235294118,0.08235294117647059,65,15.592561625235884,3.0294861448478314,0.11607060368665226,0.12294560185185184,-0.08726646259971647,0.042058052414044755,0.8602572173243646,-0.08726646259971647,0.19953718289044164,0.427220007719189,-0.02025719656973083,0.14988261328093083,0.7450980392156863,0.4607829222510734,0.06700926602998564,0.545786670408149,False,False,,above_mean_residual
107,anchor,72,8,530,70,265,35,1774265815.435102,1774265773.011149,0.8470588235294118,0.09411764705882353,64,15.365242670049572,2.9904014302089967,0.04605845201977293,0.13290248842592592,0.0,-0.12231429272657612,0.8772162331798161,0.0,0.0876815867716369,0.3358697485168229,0.06675452683106818,0.1339947982766271,0.7647058823529411,0.580649882341509,0.06675452683106818,0.5693083695006097,False,False,,above_mean_residual
108,anchor,72,17,530,130,265,65,1774265815.435102,1774265778.563697,0.8470588235294118,0.2,55,13.541610636555315,4.347249748344652,1.320322395147282,0.14239033564814815,-0.17453292519943295,0.3302869268684413,0.21838095340676877,-0.17453292519943295,0.07919843870585322,-0.0002919028394359488,0.13353353157218037,0.10081750787890971,0.7254901960784313,0.332961329506367,0.3080664567716133,0.5759732324103042,False,False,,above_mean_residual
109,local,73,8,536,70,268,35,1774265815.98705,1774265773.011149,0.8588235294117647,0.09411764705882353,65,15.614922983615418,2.958526697569929,0.07670281586835587,,,0.30595175978355504,2.9426643948842344,-0.07670281586835592,3.8399585721743303,-4.384975990453567,-1.5314649358303234,0.20341728550241578,0.03333333333333333,8.135325301846137,1.4547621199619676,-1.0563545883517946,False,False,,below_inlier_ratio
110,local,73,9,536,78,268,39,1774265815.98705,1774265773.750477,0.8588235294117647,0.10588235294117647,64,15.370671162572462,2.9733115397393703,0.014096074541134374,,,-0.20547908381588886,2.966202936156175,0.01409607454113441,-0.03944379020801314,-2.7837755884272033,0.6872315289589844,inf,0.0,5.752375226973072,0.67313545441785,-inf,False,False,,below_inlier_ratio
111,anchor,73,10,536,84,268,42,1774265815.98705,1774265774.308013,0.8588235294117647,0.11764705882352941,63,15.197802973854925,3.0366505805438915,0.2189750820353275,0.10527662037037037,0.0,0.01566683579069056,0.6146453780326705,0.0,-0.1907303362443062,0.3035413705444714,0.10519485476734587,0.11004571757725275,0.7166666666666667,0.3733436702279302,0.10519485476734587,0.5640268393282536,False,False,,above_mean_residual
112,anchor,73,15,536,114,268,57,1774265815.98705,1774265777.091201,0.8588235294117647,0.17647058823529413,58,14.222346409429331,3.846825483511307,1.1966417394195215,0.11513454861111111,-0.4363323129985824,0.44966538437400944,0.7300716639040444,-0.4363323129985824,0.6853964690297366,0.19966376182013426,-0.38483788620003,0.06432256890464519,0.4583333333333333,0.5804323275507839,0.05149442679855237,0.33339281033368207,False,False,,below_inlier_ratio
113,anchor,73,16,536,122,268,61,1774265815.98705,1774265777.826819,0.8588235294117647,0.18823529411764706,57,14.015259851439586,4.033559904838984,1.1857373947416752,0.11769126157407407,-0.3490658503988659,0.34687322217940375,0.733131287163721,-0.3490658503988659,0.5102257781528327,0.051859701955909124,-0.35729818412974285,0.10678943441201233,0.49166666666666664,0.7005819226575983,0.00823233373087695,0.31440742330235066,False,False,,below_inlier_ratio
114,anchor,73,17,536,130,268,65,1774265815.98705,1774265778.563697,0.8588235294117647,0.2,56,13.791290950121162,4.257185600835124,1.197561127259153,0.1215931712962963,-0.2617993877991494,0.4293616964770637,0.23187880585963105,-0.2617993877991494,0.3055913571913356,-0.09349831407636126,-0.012535756827830301,0.07699145450891959,0.625,0.34812263222138456,0.2492636309713191,0.5007331007203759,False,False,,below_inlier_ratio
115,anchor,73,14,536,108,268,54,1774265815.98705,1774265776.534669,0.8588235294117647,0.16470588235294117,59,14.382347182613474,3.7113379087568146,0.8519140454780909,0.12405700231481481,-0.5235987755982988,0.5198803115276143,0.670592011172444,-0.5235987755982988,0.9025948604601993,0.13727591900661817,-0.3383880927306143,0.07726857397379623,0.43333333333333335,0.656427056212417,0.18521068286768452,0.2811615195949112,False,False,,below_inlier_ratio
116,local,74,9,542,78,271,39,1774265816.536785,1774265773.750477,0.8705882352941177,0.10588235294117647,65,15.60916464093266,2.8872585174493675,0.21476674329546802,,,0.018613518572072163,2.887198518202429,-0.21476674329546822,0.8673557872495115,-8.478219104494979,2.2879068096071085,inf,0.0,11.397064585978292,2.5026735529025768,-inf,False,False,,below_inlier_ratio
117,local,74,8,542,70,271,35,1774265816.536785,1774265773.011149,0.8705882352941177,0.09411764705882353,66,15.853416461975616,2.8911721003164423,0.30556563370495826,,,0.5219575771956091,2.8436660143653123,-0.3055656337049585,3.8207194331798586,-4.110146893407693,-1.5057812734096054,0.2058678930041277,0.008264462809917356,7.696580002754932,1.200215639704647,-1.0272722124549358,False,False,,below_inlier_ratio
118,local,74,10,542,84,271,42,1774265816.536785,1774265774.308013,0.8705882352941177,0.11764705882352941,64,15.436296452215123,2.9385398835158454,0.009887735801274888,,,-0.7413575503353191,2.843484768655208,-0.009887735801274961,1.605662215779412,-4.971710254049557,2.942873328797668,0.129264944590729,0.04132231404958678,8.16001072459115,2.952761064598943,-1.0515817562302043,False,False,,below_inlier_ratio
119,local,74,7,542,64,271,32,1774265816.536785,1774265772.456966,0.8705882352941177,0.08235294117647059,67,16.08073541716193,2.963827242466886,0.4676946894113835,,,1.1994062664834733,2.7102945469282598,-0.4676946894113836,-0.5187935852871202,-24.986801242525463,2.3136528957631985,inf,0.0,27.75033920334668,2.781347585174582,-inf,False,False,,below_inlier_ratio
120,anchor,74,11,542,90,271,45,1774265816.536785,1774265774.866308,0.8705882352941177,0.12941176470588237,63,15.227108802183988,3.0531712362782195,0.24830074926375634,0.10751475694444446,0.0,0.021670069199802966,0.5401346947443351,0.0,-0.19300487773760835,0.2878961282668452,0.09546568912639276,0.10695335038404272,0.7355371900826446,0.33122443638898297,0.09546568912639276,0.590688111603384,False,False,,above_mean_residual
121,anchor,74,10,542,84,271,42,1774265816.536785,1774265774.308013,0.8705882352941177,0.11764705882352941,64,15.436296452215123,2.9385398835158454,0.009887735801274888,0.11797858796296297,-0.17453292519943295,0.09495474265970735,0.6772858443815867,-0.17453292519943295,0.01964525481797119,0.2347000859484293,-0.06289046026061358,0.11281260080464511,0.8016528925619835,0.44894729370699826,0.11164246493881937,0.6383634391396976,False,False,,above_mean_residual
122,anchor,74,15,542,114,271,57,1774265816.536785,1774265777.091201,0.8705882352941177,0.17647058823529413,59,14.460839887789529,3.7212160578731424,0.9677789215829191,0.17321267361111112,-0.6108652381980153,0.5479976367902417,0.7533346889616321,-0.6108652381980153,0.8388003569885527,0.05739835985934886,-0.6005886218786325,0.07566949508113101,0.48760330578512395,0.7542503538209967,0.010276616319382814,0.33599494450592415,False,False,,below_inlier_ratio
123,anchor,74,12,542,96,271,48,1774265816.536785,1774265775.423431,0.8705882352941177,0.1411764705882353,62,15.034210418482267,3.20011360883287,0.488147090097772,0.17902893518518517,0.3490658503988659,-0.13072881593946983,0.3335857805199915,0.3490658503988659,-0.4882476447497875,0.2629779365288236,0.32893275321979776,0.11814905078952058,0.5619834710743802,0.3644244511376567,0.020133097179068138,0.40638532031214053,False,False,,below_inlier_ratio
124,anchor,74,13,542,100,271,50,1774265816.536785,1774265775.794204,0.8705882352941177,0.15294117647058825,61,14.879937705177404,3.3407293786484087,0.7284386260031162,0.19367795138888888,0.4363323129985824,-0.2210454608511671,0.3180803185205097,0.4363323129985824,-0.5756773062285631,0.0627883773500194,0.6879087098330784,0.09559602266886642,0.3884297520661157,0.4369642101847408,0.251576396834496,0.2365584885370504,False,False,,below_inlier_ratio
125,local,75,9,546,78,273,39,1774265816.904075,1774265773.750477,0.8823529411764706,0.10588235294117647,66,15.860384361130086,2.807797496821598,0.47100725656669945,,,0.2354329864891449,2.7979095932553735,-0.47100725656669984,-1.5937949354991618,5.265139251752692,-0.27171130261964643,inf,0.0,3.0713672815784263,0.1992959539470534,-inf,False,False,,below_inlier_ratio
126,local,75,8,546,70,273,35,1774265816.904075,1774265773.011149,0.8823529411764706,0.09411764705882353,67,16.104636182173042,2.830773727893717,0.5618061469761897,,,0.7297876817861977,2.7350849782130062,-0.5618061469761901,4.467623418768307,-10.08530350482222,-2.429369699840985,inf,0.0,13.354167022042327,1.867563552864795,-inf,False,False,,below_inlier_ratio
127,local,75,10,546,84,273,42,1774265816.904075,1774265774.308013,0.8823529411764706,0.11764705882352941,65,15.687516172412549,2.846402199591327,0.2661282490725063,,,-0.5109070142329939,2.800174906081029,-0.2661282490725065,2.257339582246731,0.32694376439786454,-0.20952089994831175,0.22950385376651222,0.008771929824561403,3.712150522151949,0.05660734912419474,-0.5947773436133554,False,False,,below_inlier_ratio
128,local,75,7,546,64,273,32,1774265816.904075,1774265772.456966,0.8823529411764706,0.08235294117647059,68,16.331955137359355,2.9200196093623867,0.7239352026826149,,,1.3869837367460214,2.5695895845568275,-0.723935202682615,5.091079077656907,1.9851857577345742,-0.6008750062250189,inf,0.0,3.7499133493138515,0.12306019645759615,-inf,False,False,,below_inlier_ratio
129,local,75,11,546,90,273,45,1774265816.904075,1774265774.866308,0.8823529411764706,0.12941176470588237,64,15.478328522381414,2.9481093755149907,0.007939764007475092,,,-1.4179436021846525,2.5847214223244697,-0.007939764007475057,7.205594934924776,-3.230711425581426,2.565945744206096,inf,0.0,10.401186283761787,2.573885508213571,-inf,False,False,,below_inlier_ratio
130,anchor,75,11,546,90,273,45,1774265816.904075,1774265774.866308,0.8823529411764706,0.12941176470588237,64,15.478328522381414,2.9481093755149907,0.007939764007475092,0.08498842592592593,0.0,0.01765320348464855,0.529385475455888,0.0,-0.013436830400842065,0.26624467983498207,-0.08387593539872437,0.11275213992523192,0.8157894736842105,0.26497107111344126,0.08387593539872436,0.6723464298776982,False,False,,above_mean_residual
131,anchor,75,10,546,84,273,42,1774265816.904075,1774265774.308013,0.8823529411764706,0.11764705882352941,65,15.687516172412549,2.846402199591327,0.2661282490725063,0.1440575810185185,-0.2617993877991494,0.16762957378143528,0.6805566338251142,-0.2617993877991494,0.17899879808678715,0.1613407813003256,-0.21687903417398163,0.10325516242855792,0.8157894736842105,0.5193403130649001,0.044920353625167775,0.6583542622679042,False,False,,above_mean_residual
132,anchor,75,0,546,0,273,0,1774265816.904075,1774265766.515001,0.8823529411764706,0.0,75,18.081542236220674,4.071270402740813,0.89619130770578,0.1706087962962963,0.08726646259971647,-0.10465972633633702,0.24929273542424113,0.08726646259971647,-0.44329154906538504,0.38407952085660135,0.41834582727703873,0.10801779783589752,0.3508771929824561,0.3644708340759059,0.3310793646773223,0.1898583435051019,False,False,,below_inlier_ratio
133,anchor,75,12,546,96,273,48,1774265816.904075,1774265775.423431,0.8823529411764706,0.1411764705882353,63,15.285430138679693,3.086307509115509,0.23190657682654062,0.17614438657407408,0.17453292519943295,-0.0038445990128516128,0.4178564254446265,0.17453292519943295,-0.317480928951586,0.2502866893332031,0.18481228200244243,0.12636791104537562,0.6666666666666666,0.35559438116749076,0.010279356803009482,0.5042253496643915,False,False,,above_mean_residual
134,anchor,75,13,546,100,273,50,1774265816.904075,1774265775.794204,0.8823529411764706,0.15294117647058825,62,15.13115742537483,3.2226279720578375,0.4721981127318847,0.1905949074074074,0.2617993877991494,-0.10198874732757784,0.41308897636839775,0.2617993877991494,-0.44544820933891816,0.11592472416635498,0.4598221957927747,0.10120938529595572,0.5087719298245614,0.4541706670756254,0.19802280799362532,0.35224433742136196,False,False,,below_inlier_ratio
135,local,76,9,554,78,277,39,1774265817.641761,1774265773.750477,0.8941176470588236,0.10588235294117647,67,16.113522797999977,2.6617979306339232,0.6168596879642598,,,0.40842754717246255,2.6302766322647013,-0.6168596879642602,0.40842754717246255,2.6302766322647013,-0.6168596879642602,inf,0.0,0.0,0.0,-inf,False,False,,below_inlier_ratio
136,local,76,10,554,84,277,42,1774265817.641761,1774265774.308013,0.8941176470588236,0.11764705882352941,66,15.940654609282438,2.6888755948773193,0.41198068047006664,,,-0.30742582181451983,2.6712434050098377,-0.4119806804700668,-0.30742582181451983,2.6712434050098377,-0.4119806804700668,inf,0.0,0.0,0.0,-inf,False,False,,below_inlier_ratio
137,local,76,8,554,70,277,35,1774265817.641761,1774265773.011149,0.8941176470588236,0.09411764705882353,68,16.35777461904293,2.702142026486318,0.70765857837375,,,0.8868696299044183,2.552456422910449,-0.7076585783737505,0.8868696299044183,2.552456422910449,-0.7076585783737505,inf,0.0,0.0,0.0,-inf,False,False,,below_inlier_ratio
138,local,76,11,554,90,277,45,1774265817.641761,1774265774.866308,0.8941176470588236,0.12941176470588237,65,15.731466959251303,2.778895726517959,0.15379219540503541,,,-1.1882869616802934,2.5120182235725155,-0.15379219540503547,-1.1882869616802934,2.5120182235725155,-0.15379219540503547,inf,0.0,0.0,0.0,-inf,False,False,,below_inlier_ratio
139,local,76,12,554,96,277,48,1774265817.641761,1774265775.423431,0.8941176470588236,0.1411764705882353,64,15.538568575549583,2.9091984064391316,0.08605414542898028,,,-1.9435372417808128,2.1647397898682983,0.08605414542898043,-1.9435372417808128,2.1647397898682983,0.08605414542898043,inf,0.0,0.0,0.0,-inf,False,False,,below_inlier_ratio
140,anchor,76,12,554,96,277,48,1774265817.641761,1774265775.423431,0.8941176470588236,0.1411764705882353,64,15.538568575549583,2.9091984064391316,0.08605414542898028,0.07181047453703704,0.0,0.19699248017787635,0.53095832336769,0.0,0.06408216092043914,0.18854158878535557,-0.1973827205230817,0.09691045739542169,0.8543689320388349,0.367306919465374,0.1973827205230817,0.7108586466707216,True,True,2,
141,anchor,76,13,554,100,277,50,1774265817.641761,1774265775.794204,0.8941176470588236,0.15294117647058825,63,15.38429586224472,3.0415429728176875,0.32634568133432446,0.08310879629629629,0.0,0.16442969354437165,0.5712915169067077,0.0,-0.09657046305741067,0.17606566618490688,0.05117928541814,0.09015242984225369,0.8446601941747572,0.47362913215397345,0.05117928541814001,0.7045858868461993,False,False,,lower_score_than_best_current
142,anchor,76,11,554,90,277,45,1774265817.641761,1774265774.866308,0.8941176470588236,0.12941176470588237,65,15.731466959251303,2.778895726517959,0.15379219540503541,0.13851967592592593,-0.2617993877991494,0.31593948659744986,0.6132432286822047,-0.2617993877991494,0.31982527033647223,0.11142150839299104,-0.4204481826514036,0.10551553290006702,0.7766990291262136,0.5018367645652242,0.1586487948522542,0.6130673800270114,False,False,,above_mean_residual
143,anchor,76,0,554,0,277,0,1774265817.641761,1774265766.515001,0.8941176470588236,0.0,76,18.334680673090563,4.037426686110661,1.0420437391033404,0.16125868055555553,0.0,0.026914768048392435,0.32318140458119526,0.0,-0.43699822811198225,0.2718153449787245,0.08681853791718568,0.10898988639442199,0.3786407766990291,0.46674804775765305,0.08681853791718568,0.21863515863298258,False,False,,below_inlier_ratio
144,anchor,76,1,554,2,277,1,1774265817.641761,1774265766.715578,0.8941176470588236,0.011764705882352941,75,18.075669183487204,3.7869612631416456,0.8492879054324719,0.16313628472222222,0.4363323129985824,0.015874526283098933,0.48006155763702285,0.4363323129985824,0.940462241840288,0.3970303565393501,0.046683387414000466,0.13966417545429521,0.6699029126213593,0.928308474654295,0.3896489255845819,0.41792544342240545,False,False,,above_mean_residual
145,local,77,9,562,78,281,39,1774265818.379857,1774265773.750477,0.9058823529411765,0.10588235294117647,68,16.366430850493167,2.474225469934525,0.7766660221428622,,,0.5305723053925435,2.4166680998480485,-0.7766660221428626,0.5305723053925435,2.4166680998480485,-0.7766660221428626,inf,0.0,0.0,0.0,-inf,False,False,,below_inlier_ratio
146,local,77,10,562,84,281,42,1774265818.379857,1774265774.308013,0.9058823529411765,0.11764705882352941,67,16.19356266177563,2.4911398633897117,0.5717870146486689,,,-0.14437726892012037,2.4869525574864717,-0.5717870146486694,-0.14437726892012037,2.4869525574864717,-0.5717870146486694,inf,0.0,0.0,0.0,-inf,False,False,,below_inlier_ratio
147,local,77,11,562,90,281,45,1774265818.379857,1774265774.866308,0.9058823529411765,0.12941176470588237,66,15.984375011744497,2.5710481313597113,0.31359852958363765,,,-0.9835879100583398,2.375466968188645,-0.313598529583638,-0.9835879100583398,2.375466968188645,-0.313598529583638,inf,0.0,0.0,0.0,-inf,False,False,,below_inlier_ratio
148,local,77,12,562,96,281,48,1774265818.379857,1774265775.423431,0.9058823529411765,0.1411764705882353,65,15.791476628042776,2.6946700484505213,0.07375218874962197,,,-1.71225959449212,2.0807243332758056,-0.07375218874962214,-1.71225959449212,2.0807243332758056,-0.07375218874962214,inf,0.0,0.0,0.0,-inf,False,False,,below_inlier_ratio
149,local,77,13,562,100,281,50,1774265818.379857,1774265775.794204,0.9058823529411765,0.15294117647058825,64,15.637203914737913,2.823660604331624,0.16653934715572213,,,-2.3122636353997494,1.6206468118817234,0.1665393471557222,-2.3122636353997494,1.6206468118817234,0.1665393471557222,inf,0.0,0.0,0.0,-inf,False,False,,below_inlier_ratio
150,anchor,77,12,562,96,281,48,1774265818.379857,1774265775.423431,0.9058823529411765,0.1411764705882353,65,15.791476628042776,2.6946700484505213,0.07375218874962197,0.09865104166666666,-0.2617993877991494,0.7207782495651899,0.5992807410046794,-0.2617993877991494,0.42025511410801253,-0.024262697640789817,-0.7130520164400446,0.08053393574140764,0.5714285714285714,0.6921853616068668,0.45125262864089516,0.39911346809443227,False,False,,below_inlier_ratio
151,anchor,77,13,562,100,281,50,1774265818.379857,1774265775.794204,0.9058823529411765,0.15294117647058825,64,15.637203914737913,2.823660604331624,0.16653934715572213,0.10788975694444443,-0.08726646259971647,0.5187204253854539,0.6669416727266997,-0.08726646259971647,-0.6306301051210732,0.07946629342138002,0.00021171640671607727,0.10372225531479246,0.37755102040816324,1.2907881171073605,0.08747817900643257,0.14037604443231308,False,False,,below_inlier_ratio
152,anchor,77,14,562,108,281,54,1774265818.379857,1774265776.534669,0.9058823529411765,0.16470588235294117,63,15.37810687053418,3.06709903922062,0.061151948794094586,0.1098237847222222,0.0,0.31374003104232906,0.7965829412193087,0.0,-2.2049926968211375,0.6535326078941799,1.1865461364139374,0.13232097131943057,0.01020408163265306,2.5227916981540446,1.1865461364139374,-0.4337233663228789,False,False,,below_inlier_ratio
153,anchor,77,15,562,114,281,57,1774265818.379857,1774265777.091201,0.9058823529411765,0.17647058823529413,62,15.218106097350038,3.188871517060569,0.4058796427355251,0.11560387731481479,0.17453292519943295,0.14831383162256392,0.8251523809314044,0.17453292519943295,-1.979043158086395,0.41076352491565826,1.3393381410281993,0.16461944016874352,0.04081632653061224,2.167340740551334,1.1648052158287663,-0.398777448484703,False,False,,below_inlier_ratio
154,anchor,77,1,562,2,281,1,1774265818.379857,1774265766.715578,0.9058823529411765,0.011764705882352941,76,18.328577235980397,3.695760803282982,1.0090942396110743,0.14022511574074076,0.17453292519943295,0.4617113464381376,0.763344128153578,0.17453292519943295,1.6550958970070786,0.19315241080551815,-0.6513133116082707,0.14572625084744284,0.5102040816326531,1.3226054892026433,0.8258462368077036,0.19092497002456071,False,False,,below_inlier_ratio
155,local,78,10,570,84,285,42,1774265819.118519,1774265774.308013,0.9176470588235294,0.11764705882352941,68,16.397804503335433,2.3260293720694167,0.748320391843376,,,-0.0214479430658594,2.325930485949206,-0.7483203918433765,-0.0214479430658594,2.325930485949206,-0.7483203918433765,inf,0.0,0.0,0.0,-inf,False,False,,below_inlier_ratio
156,local,78,11,570,90,285,45,1774265819.118519,1774265774.866308,0.9176470588235294,0.12941176470588237,67,16.1886168533043,2.3971052671330595,0.49013190677834473,,,-0.8236195024534381,2.251169601983695,-0.4901319067783452,-0.8236195024534381,2.251169601983695,-0.4901319067783452,inf,0.0,0.0,0.0,-inf,False,False,,below_inlier_ratio
157,local,78,12,570,96,285,48,1774265819.118519,1774265775.423431,0.9176470588235294,0.1411764705882353,66,15.99571846960258,2.514900659605838,0.25028556594432905,,,-1.527343106312361,1.9979860768498887,-0.25028556594432927,-1.527343106312361,1.9979860768498887,-0.25028556594432927,0.15147841256373448,0.028846153846153848,0.0,0.0,-0.12263225871758063,False,False,,below_inlier_ratio
158,local,78,13,570,100,285,50,1774265819.118519,1774265775.794204,0.9176470588235294,0.15294117647058825,65,15.841445756297716,2.6409515809741384,0.009994030038984913,,,-2.1129695205542607,1.5842932361966717,-0.009994030038984969,-2.1129695205542607,1.5842932361966717,-0.009994030038984969,0.13413107240811256,0.028846153846153848,0.0,0.0,-0.1052849185619587,False,False,,below_inlier_ratio
159,local,78,14,570,108,285,54,1774265819.118519,1774265776.534669,0.9176470588235294,0.16470588235294117,64,15.582348712093983,2.8826969660271473,0.1153814284006125,,,-2.1538057843732403,1.9160016808819653,-0.11538142840061277,-2.1538057843732403,1.9160016808819653,-0.11538142840061277,inf,0.0,0.0,0.0,-inf,False,False,,below_inlier_ratio
160,anchor,78,15,570,114,285,57,1774265819.118519,1774265777.091201,0.9176470588235294,0.17647058823529413,63,15.42234793890984,3.0021593094093335,0.22934626554081805,0.045920138888888885,0.0,0.45774910782297223,0.8243420020567428,0.0,-1.8681309840677738,0.339806400628889,1.4351884622697682,0.17043628460419727,0.028846153846153848,2.3758141659028715,1.4351884622697682,-0.450930970461819,False,False,,below_inlier_ratio
161,anchor,78,14,570,108,285,54,1774265819.118519,1774265776.534669,0.9176470588235294,0.16470588235294117,64,15.582348712093983,2.8826969660271473,0.1153814284006125,0.10001504629629632,-0.17453292519943295,0.6183335692851604,0.7420520020026005,-0.17453292519943295,-1.3042776600258663,0.2249695145661471,1.4656866531764046,0.14944708394090434,0.057692307692307696,1.9909315000487402,1.6402195783758375,-0.37285890517226256,False,False,,below_inlier_ratio
162,anchor,78,16,570,122,285,61,1774265819.118519,1774265777.826819,0.9176470588235294,0.18823529411764706,62,15.215261380920095,3.170638751807557,0.21844192086297176,0.11685243055555555,0.08726646259971647,0.3467099832793291,0.8277474411401162,0.08726646259971647,0.3467099832793291,0.8277474411401162,0.08726646259971647,0.10503191453318936,0.038461538461538464,0.0,0.0,-0.0665703760716509,False,False,,below_inlier_ratio
163,anchor,78,12,570,96,285,48,1774265819.118519,1774265775.423431,0.9176470588235294,0.1411764705882353,66,15.99571846960258,2.514900659605838,0.25028556594432905,0.14073119212962962,-0.5235987755982988,1.0706692172171288,0.4192291061044901,-0.5235987755982988,1.6153637103597644,-0.3390113185535018,-1.7810875748072863,0.038047781536924855,0.2403846153846154,0.9336062512887564,1.2574887992089874,0.0461017687583655,False,False,,below_inlier_ratio
164,anchor,78,17,570,130,285,65,1774265819.118519,1774265778.563697,0.9176470588235294,0.2,61,14.991292479601672,3.388402463722125,0.2302656533804497,0.14932204861111112,0.08726646259971647,0.505965034237676,0.3263854347088997,0.08726646259971647,-0.4791844289346264,-2.7664120224694932,2.0971862564931456,0.13835157295813968,0.10576923076923077,3.2459075119167844,2.0099197938934292,-0.4576690830752589,False,False,,below_inlier_ratio
165,local,79,11,590,90,295,45,1774265820.958749,1774265774.866308,0.9294117647058824,0.12941176470588237,68,16.975083087512683,2.1778196577823947,0.6415909179746512,,,-0.7942307102809174,2.0278303776869784,-0.6415909179746516,16.000671055808418,21.994978264815988,-0.048021594605116666,inf,0.0,26.091295868144822,0.5935693233695349,-inf,False,False,,below_inlier_ratio
166,local,79,12,590,96,295,48,1774265820.958749,1774265775.423431,0.9294117647058824,0.1411764705882353,67,16.782184703810962,2.299388313023751,0.40174457714063544,,,-1.4457405982652571,1.7880214586513912,-0.4017445771406356,-1.4457405982652571,1.7880214586513912,-0.4017445771406356,inf,0.0,0.0,0.0,-inf,False,False,,below_inlier_ratio
167,local,79,13,590,100,295,50,1774265820.958749,1774265775.794204,0.9294117647058824,0.15294117647058825,66,16.6279119905061,2.4278847172381033,0.16145304123529125,,,-1.9837429671338254,1.3997814259895907,-0.16145304123529128,-1.9837429671338254,1.3997814259895907,-0.16145304123529128,inf,0.0,0.0,0.0,-inf,False,False,,below_inlier_ratio
168,local,79,14,590,108,295,54,1774265820.958749,1774265776.534669,0.9294117647058824,0.16470588235294117,65,16.36881494630237,2.6712367896758473,0.26684043959691883,,,-2.0447054394973154,1.7189199086076814,-0.26684043959691917,-2.0447054394973154,1.7189199086076814,-0.26684043959691917,inf,0.0,0.0,0.0,-inf,False,False,,below_inlier_ratio
169,local,79,15,590,114,295,57,1774265820.958749,1774265777.091201,0.9294117647058824,0.17647058823529413,64,16.208814173118224,2.7931558554711846,0.07788725434451171,,,-2.6483408063411815,0.8876996149718246,0.07788725434451187,-2.6483408063411815,0.8876996149718246,0.07788725434451187,inf,0.0,0.0,0.0,-inf,False,False,,below_inlier_ratio
170,anchor,79,17,590,130,295,65,1774265820.958749,1774265778.563697,0.9294117647058824,0.2,62,15.777758713810055,3.1839592081842407,0.07880664218414335,0.15089351851851854,-0.08726646259971647,0.5893550528052528,0.2219097552375826,-0.08726646259971647,0.7773124442702558,-0.6676676950689786,-1.0093079006038719,0.12655645838337085,0.5697674418604651,0.9092172573704542,0.9220414380041554,0.3061871858398411,False,False,,below_inlier_ratio
171,anchor,79,16,590,122,295,61,1774265820.958749,1774265777.826819,0.9294117647058824,0.18823529411764706,63,16.001727615128477,2.964763514161237,0.06698290966666542,0.1683527199074074,-0.2617993877991494,0.5791697233644868,0.6887313776977423,-0.2617993877991494,-2.1736194779479576,-0.0004641917931357403,-1.6022806950145503,inf,0.0,2.837752441610836,1.340481307215401,-inf,False,False,,below_inlier_ratio
172,anchor,79,10,590,84,295,42,1774265820.958749,1774265774.308013,0.9294117647058824,0.11764705882352941,69,17.184270737543816,2.103086053548213,0.8997794030396823,0.16910069444444445,0.08726646259971647,0.24913980718789885,0.652373193373301,0.08726646259971647,-0.9319100567092483,0.2506919314385112,0.6873381469077527,0.07570533188474077,0.3372093023255814,1.2474881230701136,0.6000716843080363,0.10675157391842746,False,False,,below_inlier_ratio
173,anchor,79,15,590,114,295,57,1774265820.958749,1774265777.091201,0.9294117647058824,0.17647058823529413,64,16.208814173118224,2.7931558554711846,0.07788725434451171,0.17889033564814816,-0.3490658503988659,0.6772082201524158,0.6655947353998145,-0.3490658503988659,0.7968915882369132,-2.1024297723172305,3.0533588399575593,0.17565246343478372,0.06976744186046512,2.7706107239953863,2.8807606168231614,-0.5269841248150153,False,False,,below_inlier_ratio
174,anchor,79,8,590,70,295,35,1774265820.958749,1774265773.011149,0.9294117647058824,0.09411764705882353,71,17.60139074730431,2.16188492155932,1.1954573009433656,0.19920428240740742,0.08726646259971647,0.13220523624707037,0.9256781325421595,0.08726646259971647,-0.3377555551641627,0.33761285538127606,0.46007704500501884,0.12675871314860135,0.7558139534883721,0.7527841095999431,0.37281058240530235,0.5351363002595113,False,False,,above_mean_residual
175,local,80,13,598,100,299,50,1774265821.688204,1774265775.794204,0.9411764705882353,0.15294117647058825,67,17.1868794695022,1.9900865517360358,0.6775368575564706,,,-1.462859464527701,1.349254116333305,-0.6775368575564709,-1.462859464527701,1.349254116333305,-0.6775368575564709,inf,0.0,0.0,0.0,-inf,False,False,,below_inlier_ratio
176,local,80,14,598,108,299,54,1774265821.688204,1774265776.534669,0.9411764705882353,0.16470588235294117,66,16.927782425298467,2.225244930770737,0.7829242559180982,,,-1.5320269482141935,1.6138799310563299,-0.7829242559180987,-4.688582856946541,1.5294791640235494,0.357285699388969,inf,0.0,3.1576840713454564,1.1402099553070677,-inf,False,False,,below_inlier_ratio
177,local,80,15,598,114,299,57,1774265821.688204,1774265777.091201,0.9411764705882353,0.17647058823529413,65,16.767781652114323,2.3375027800197277,0.4381965619766677,,,-2.1303272144339345,0.9620941773247176,-0.4381965619766679,-2.1303272144339345,0.9620941773247176,-0.4381965619766679,inf,0.0,0.0,0.0,-inf,False,False,,below_inlier_ratio
178,local,80,16,598,122,299,61,1774265821.688204,1774265777.826819,0.9411764705882353,0.18823529411764706,64,16.560695094124576,2.4986231256292863,0.44910090665451396,,,-2.3150523216259997,0.9400267400790003,-0.44910090665451396,-2.3150523216259997,0.9400267400790003,-0.44910090665451396,inf,0.0,0.0,0.0,-inf,False,False,,below_inlier_ratio
179,local,80,17,598,130,299,65,1774265821.688204,1774265778.563697,0.9411764705882353,0.2,63,16.336726192806154,2.713309567102222,0.43727717413703604,,,-2.549297718936818,0.9290478712918993,-0.4372771741370361,-2.549297718936818,0.9290478712918993,-0.4372771741370361,inf,0.0,0.0,0.0,-inf,False,False,,below_inlier_ratio
180,anchor,80,11,598,90,299,45,1774265821.688204,1774265774.866308,0.9411764705882353,0.12941176470588237,69,17.534050566508782,1.778331556739413,1.1576747342958305,0.17744849537037036,0.0,-0.15247849647225298,1.058550123178696,0.0,1.6012193169548248,0.58864879088277,-0.2946171250934979,inf,0.0,1.815561423613203,0.29461712509349786,-inf,False,False,,below_inlier_ratio
181,anchor,80,10,598,84,299,42,1774265821.688204,1774265774.308013,0.9411764705882353,0.11764705882352941,70,17.743238216539915,1.7407908289761342,1.4158632193608618,0.1805859375,0.0,-0.23307066624763445,1.1500213346076844,0.0,-4.162136973066271,-1.2363042723612376,-0.28460945317946007,inf,0.0,4.596967690320766,0.28460945317946007,-inf,False,False,,below_inlier_ratio
182,anchor,80,0,598,0,299,0,1774265821.688204,1774265766.515001,0.9411764705882353,0.0,80,20.13726428034804,3.5768155532261465,2.0459262779941354,0.1934380787037037,0.08726646259971647,-0.32026376171882226,0.7616157972286235,0.08726646259971647,-0.37303332534015177,0.37289973473048965,0.15274501544585511,0.11918898689580162,0.30337078651685395,0.3922815367677131,0.06547855284613865,0.14167971830197407,False,False,,below_inlier_ratio
183,local,81,18,604,138,302,69,1774265822.238238,1774265779.300681,0.9529411764705882,0.21176470588235294,63,16.571136849316428,2.4894296805948115,0.6496418368342944,,,-2.468023702655969,0.32575932489297665,-0.6496418368342946,-2.468023702655969,0.32575932489297665,-0.6496418368342946,inf,0.0,0.0,0.0,-inf,False,False,,below_inlier_ratio
184,local,81,19,604,144,302,72,1774265822.238238,1774265779.854996,0.9529411764705882,0.2235294117647059,62,16.35770615283713,2.6921949262047455,0.41951667014059385,,,-2.684597267590747,-0.20211638114436914,-0.41951667014059413,-2.684597267590747,-0.20211638114436914,-0.41951667014059413,inf,0.0,0.0,0.0,-inf,False,False,,below_inlier_ratio
185,local,81,20,604,148,302,74,1774265822.238238,1774265780.226114,0.9529411764705882,0.23529411764705882,61,16.22427516533834,2.766227505666187,0.2078850358095905,,,-2.682343797340157,-0.6760520438361115,-0.20788503580959056,-2.682343797340157,-0.6760520438361115,-0.20788503580959056,0.06027982394746614,0.022222222222222223,0.0,0.0,-0.03805760172524392,False,False,,below_inlier_ratio
186,anchor,81,0,604,0,302,0,1774265822.238238,1774265766.515001,0.9529411764705882,0.0,81,20.611806618616512,3.266067621205573,2.4387756176719977,0.12809230324074075,0.08726646259971647,-0.4665727264490253,1.0534667807360756,0.08726646259971647,-0.8785075154217956,0.022963023221687064,0.5948854670982219,0.08275796280853309,0.5444444444444444,1.1097874862410886,0.5076190044985054,0.3253267827868772,False,False,,below_inlier_ratio
187,anchor,81,11,604,90,302,45,1774265822.238238,1774265774.866308,0.9529411764705882,0.12941176470588237,70,18.008592904777252,1.317024098057871,1.5505240739736927,0.19481221064814813,-0.08726646259971647,-0.12409853122050718,1.4107780130711562,-0.08726646259971647,-1.4884695246218063,1.6190437111592944,0.3848208010156047,0.13184738581890795,0.3888888888888889,1.3801749195790318,0.47208726361532116,0.09541964793131172,False,False,,below_inlier_ratio
188,local,82,18,612,138,306,69,1774265822.967859,1774265779.300681,0.9647058823529412,0.21176470588235294,64,16.811717493279453,2.465046400682202,0.781355067846017,,,-2.463058093754236,0.09898779878373976,-0.7813550678460173,-2.463058093754236,0.09898779878373976,-0.7813550678460173,inf,0.0,0.0,0.0,-inf,False,False,,below_inlier_ratio
189,local,82,19,612,144,306,72,1774265822.967859,1774265779.854996,0.9647058823529412,0.2235294117647059,63,16.59828679680016,2.6616667187046423,0.5512299011523165,,,-2.6280361154965104,-0.42177707038905377,-0.551229901152317,-2.6280361154965104,-0.42177707038905377,-0.551229901152317,inf,0.0,0.0,0.0,-inf,False,False,,below_inlier_ratio
190,local,82,20,612,148,306,74,1774265822.967859,1774265780.226114,0.9647058823529412,0.23529411764705882,62,16.464855809301365,2.7264598498422257,0.3395982668213131,,,-2.5809036375660095,-0.878931013447732,-0.3395982668213136,-2.5809036375660095,-0.878931013447732,-0.3395982668213136,0.05276031893236306,0.016260162601626018,0.0,0.0,-0.03650015633073704,False,False,,below_inlier_ratio
191,local,82,21,612,154,306,77,1774265822.967859,1774265780.785517,0.9647058823529412,0.24705882352941178,61,16.16371327043309,2.9555995026012924,0.11560025564776265,,,-2.5950010188761263,-1.4147572695727368,-0.11560025564776276,-127.02158610573008,54.624216606767924,-0.26077753528977105,inf,0.0,136.4637009225871,0.14517727964200827,-inf,False,False,,below_inlier_ratio
192,anchor,82,1,612,2,306,1,1774265822.967859,1774265766.715578,0.9647058823529412,0.011764705882352941,81,20.593375772976177,2.7932418534799712,2.377733015012852,0.11175839120370372,0.3490658503988659,-0.3149787916573018,0.7074503046894405,0.3490658503988659,-2.6693286670483145,-0.5662092769236352,2.2447734163585804,0.15029080284118054,0.11382113821138211,2.6767839034162755,1.8957075659597145,-0.3989334332694117,False,False,,below_inlier_ratio
193,anchor,82,0,612,0,306,0,1774265822.967859,1774265766.515001,0.9647058823529412,0.0,82,20.852387262579537,3.0507470942920945,2.5704888486837203,0.14234317129629628,0.08726646259971647,-0.3834859495370501,0.565864472669541,0.08726646259971647,-0.540996337452334,0.11901878786511215,0.33504260584672513,0.031182713190158487,0.4878048780487805,0.47379382470602355,0.24777614324700864,0.39685397522566923,False,False,,below_inlier_ratio
194,anchor,82,13,612,100,306,50,1774265822.967859,1774265775.794204,0.9647058823529412,0.15294117647058825,69,17.902002451733694,1.464585769597851,1.2020994282460555,0.16651157407407405,0.0,-0.1449022833508134,0.8700986191082647,0.0,2.336829377360223,-0.30214013095857295,-1.096764088217323,0.15078606074848747,0.3902439024390244,2.7446558478129495,1.096764088217323,-0.08984594750162417,False,False,,below_inlier_ratio
195,anchor,82,12,612,96,306,48,1774265822.967859,1774265775.423431,0.9647058823529412,0.1411764705882353,70,18.056275165038556,1.335101942764134,1.4423909641513997,0.17482031250000005,-0.08726646259971647,-0.006763821219733013,0.8768671696249182,-0.08726646259971647,2.098518634073518,-0.21773657924301038,-0.6472162076678203,0.13231077973994543,0.2601626016260163,2.3728404041572837,0.5599497450681038,-0.1374297057830627,False,False,,below_inlier_ratio
196,anchor,82,3,612,28,306,14,1774265822.967859,1774265769.128131,0.9647058823529412,0.03529411764705882,79,20.116446226571274,2.361974834224504,2.3150565995961365,0.18205960648148148,0.5235987755982988,-0.3598126445539783,0.5519482945580578,0.5235987755982988,0.29670726420946886,0.4006887626285326,0.07707207733359195,0.07362300711974007,0.3170731707317073,0.673719404947122,0.44652669826470687,0.1537518882040197,False,False,,below_inlier_ratio
197,local,83,19,620,144,310,72,1774265823.698284,1774265779.854996,0.9764705882352941,0.2235294117647059,64,16.814252990032145,2.616111619604993,0.6476077014096737,,,-2.542360533284527,-0.6168005553090072,-0.647607701409674,-2.542360533284527,-0.6168005553090072,-0.647607701409674,0.24815923169786144,0.008771929824561403,0.0,0.0,-0.23938730187330004,False,False,,below_inlier_ratio
198,local,83,20,620,148,310,74,1774265823.698284,1774265780.226114,0.9764705882352941,0.23529411764705882,63,16.680822002533354,2.6718283114786,0.4359760670786703,,,-2.4561737837389805,-1.051606803939548,-0.4359760670786706,-2.4561737837389805,-1.051606803939548,-0.4359760670786706,0.14711471225250441,0.02631578947368421,0.0,0.0,-0.1207989227788202,False,False,,below_inlier_ratio
199,local,83,21,620,154,310,77,1774265823.698284,1774265780.785517,0.9764705882352941,0.24705882352941178,62,16.379679463665077,2.8894090786907896,0.21197805590511987,,,-2.435030880035675,-1.5554129475137712,-0.21197805590511992,-226.28763729043916,98.99822037861465,-1.4147919209711297,inf,0.0,245.3997199913164,1.2028138650660098,-inf,False,False,,below_inlier_ratio
200,local,83,22,620,160,310,80,1774265823.698284,1774265781.346537,0.9764705882352941,0.25882352941176473,61,16.168538030052964,2.9907079275117283,0.0600334988433091,,,-2.3671204199583915,-1.8278607236596396,-0.06003349884330888,-2.578750459248399,0.1740431119858765,1.8724425152800588,inf,0.0,2.01305892628659,1.9324760141233677,-inf,False,False,,below_inlier_ratio
201,anchor,83,1,620,2,310,1,1774265823.698284,1774265766.715578,0.9764705882352941,0.011764705882352941,82,20.809341966208166,2.5831688580552066,2.474110815270209,0.08698755787037038,0.17453292519943295,-0.37035503430780436,0.20195230862286986,0.17453292519943295,-0.23131190167928575,0.15760246519713922,0.12708402535209087,0.025952519185773505,0.9385964912280702,0.14594485719969252,0.047448899847342074,0.8956770413299604,True,False,,suppressed_by_dedup_cluster
202,anchor,83,13,620,100,310,50,1774265823.698284,1774265775.794204,0.9764705882352941,0.15294117647058825,70,18.117968644965682,1.4049392008068606,1.2984772285034127,0.12010358796296298,-0.17453292519943295,-0.36982942700186755,0.41402567283060615,-0.17453292519943295,-0.2500843440272247,0.10377049940996624,-0.07989826306306975,0.10863016611955291,0.5350877192982456,0.3325615093946914,0.09463466213636319,0.3884696691324054,False,False,,below_inlier_ratio
203,anchor,83,12,620,96,310,48,1774265823.698284,1774265775.423431,0.9764705882352941,0.1411764705882353,71,18.272241358270545,1.2644836275874094,1.5387687644087569,0.1450691550925926,-0.4363323129985824,-0.12063713131265763,0.5603240810363539,-0.4363323129985824,-0.04692935549743982,0.11622612503789786,-0.24780652056443545,0.0876032590558966,0.5964912280701754,0.45017311196653337,0.18852579243414697,0.45444436819591816,False,False,,below_inlier_ratio
204,anchor,83,0,620,0,310,0,1774265823.698284,1774265766.515001,0.9764705882352941,0.0,83,21.068353455811526,2.8410122236805107,2.6668666489410775,0.1452471064814815,-0.2617993877991494,-0.44066213769125956,0.2343564920825555,-0.2617993877991494,-1.3067949402339418,-0.9150125702505174,1.044675798179727,0.09475434458063764,0.43859649122807015,1.4391786800424917,1.3064751859788764,0.1346005193442395,False,False,,below_inlier_ratio
205,anchor,83,2,620,20,310,10,1774265823.698284,1774265768.386976,0.9764705882352941,0.023529411764705882,81,20.57527292342497,2.374183628560715,2.453374310517465,0.1511244212962963,0.2617993877991494,-0.41364894358652116,0.1771862601955091,0.2617993877991494,-0.47704463093826427,0.16952306634309522,0.15135058599499732,0.07003104954830494,0.8859649122807017,0.06385716651104742,0.11044880180415209,0.8040257059910844,False,False,,lower_score_than_best_current
206,local,84,19,628,144,314,72,1774265824.427827,1774265779.854996,0.9882352941176471,0.2235294117647059,65,17.03845820628191,2.5590436355793007,0.7525437253161433,,,-2.428930722166083,-0.8056052853083195,-0.7525437253161438,-2.428930722166083,-0.8056052853083195,-0.7525437253161438,inf,0.0,0.0,0.0,-inf,False,False,,below_inlier_ratio
207,local,84,20,628,148,314,74,1774265824.427827,1774265780.226114,0.9882352941176471,0.23529411764705882,64,16.90502721878312,2.6049393253710607,0.5409120909851399,,,-2.3056151953278476,-1.2123726572048674,-0.5409120909851405,-10.187120279353312,5.7600334990981015,-2.9298188044079323,inf,0.0,10.522954432951366,2.388906713422792,-inf,False,False,,below_inlier_ratio
208,local,84,21,628,154,314,77,1774265824.427827,1774265780.785517,0.9882352941176471,0.24705882352941178,63,16.60388467991484,2.809262585083559,0.3169140798115895,,,-2.252522830163306,-1.678718907841179,-0.3169140798115898,-113.96052712990713,48.54048711428127,-0.7084272803392475,inf,0.0,122.47712797957,0.3915132005276577,-inf,False,False,,below_inlier_ratio
209,local,84,22,628,160,314,80,1774265824.427827,1774265781.346537,0.9882352941176471,0.25882352941176473,62,16.39274324630273,2.897412327382399,0.16496952274977872,,,-2.168051454594979,-1.9221215063299515,-0.16496952274977883,0.38650623444351845,-0.15804135856663284,-0.4060654280037584,0.0996715357206047,0.725,3.1044715740941102,0.2410959052539796,0.30282651160728524,False,False,,above_translation_correction
210,anchor,84,1,628,2,314,1,1774265824.427827,1774265766.715578,0.9882352941176471,0.011764705882352941,83,21.03354718245793,2.3631652055564283,2.5790468391766788,0.09672916666666669,-0.08726646259971647,-0.00043562348235182125,0.1385478654085853,-0.08726646259971647,0.07492845275418943,0.1376165856452841,-0.06208085811264289,0.015099200366450296,0.975,0.07536982996521045,0.025185604487073583,0.9511045364126749,True,False,,suppressed_by_dedup_cluster
211,anchor,84,3,628,28,314,14,1774265824.427827,1774265769.128131,0.9882352941176471,0.03529411764705882,81,20.556617636053026,1.9364343677940907,2.5163704237599633,0.11907609953703703,0.0,0.0709970515241316,0.10620408892704991,0.0,-0.42248294021997984,0.14380365600092587,0.04369826446085967,0.03465134541245428,0.725,0.49491032490332143,0.04369826446085967,0.6386727088741706,False,False,,lower_score_than_best_current
212,anchor,84,2,628,20,314,10,1774265824.427827,1774265768.386976,0.9882352941176471,0.023529411764705882,82,20.799478139674733,2.1546122299593047,2.5583103344239344,0.12395457175925927,0.08726646259971647,-0.06186740001014501,0.08636821170807582,0.08726646259971647,-0.17133179765378698,0.15412529363627336,-0.00919481305203733,0.014861190581929277,0.9666666666666667,0.12873801498745366,0.0964612756517538,0.9341086108034043,False,False,,lower_score_than_best_current
213,anchor,84,13,628,100,314,50,1774265824.427827,1774265775.794204,0.9882352941176471,0.15294117647058825,71,18.342173861215446,1.3478421412357302,1.4034132524098824,0.14148292824074074,-0.4363323129985824,-0.04390448311935263,0.22792509550763557,-0.4363323129985824,0.06343760727124509,0.04918619128299954,-0.585811041715139,0.0653493351543028,0.6583333333333333,0.20849441300151633,0.1494787287165566,0.5646606204430511,False,False,,lower_score_than_best_current
214,anchor,84,12,628,96,314,48,1774265824.427827,1774265775.423431,0.9882352941176471,0.1411764705882353,72,18.49644657452031,1.198939098317166,1.6437047883152265,0.14869328703703705,-0.6108652381980153,0.09046644903220857,0.2646326021303456,-0.6108652381980153,0.3226849775162509,-0.1127935068304749,-0.45042296931171816,0.08469539640934286,0.575,0.4431432191702804,0.16044226888629715,0.43796816822931417,False,False,,below_inlier_ratio
215,local,85,20,636,148,318,74,1774265825.154462,1774265780.226114,1.0,0.23529411764705882,65,17.11383077512729,2.503460981745004,0.5936082502372306,,,-2.1269937192438046,-1.3203085266016772,-0.5936082502372312,-1.9321634051466035,0.8598305676400534,0.35405760993579305,0.09129122797480983,0.04878048780487805,2.188827385047155,0.9476658601730242,-0.30877677168329853,False,False,,below_inlier_ratio
216,local,85,21,636,154,318,77,1774265825.154462,1774265780.785517,1.0,0.24705882352941178,64,16.812688236259014,2.6950003813784815,0.36961023906368023,,,-2.0543880818584372,-1.744281131225182,-0.3696102390636804,502.2962055756644,-227.90093800319025,-0.29249032517250767,inf,0.0,552.7353388107182,0.07711991389117273,-inf,False,False,,below_inlier_ratio
217,local,85,22,636,160,318,80,1774265825.154462,1774265781.346537,1.0,0.25882352941176473,63,16.6015468026469,2.771305741437576,0.21766568200186942,,,-1.9622759569324957,-1.9569385737343845,-0.21766568200186945,-14.947332803897645,-15.292324548610948,1.0732891980822936,inf,0.0,18.613012126409068,1.290954880084163,-inf,False,False,,below_inlier_ratio
218,local,85,23,636,168,318,84,1774265825.154462,1774265782.089892,1.0,0.27058823529411763,62,16.34807294047392,2.880151281085217,0.0670396113606806,,,-1.8920592985707936,-2.1714932679215586,-0.06703961136068051,-1.8920592985707936,-2.1714932679215586,-0.06703961136068051,inf,0.0,0.0,0.0,-inf,False,False,,below_inlier_ratio
219,anchor,85,2,636,20,318,10,1774265825.154462,1774265768.386976,1.0,0.023529411764705882,83,21.008281696018905,1.9501408707644055,2.611006493676025,0.07181336805555556,0.0,-0.04472360215760285,0.12212754901222023,0.0,0.030655873197561766,0.13658051711073999,-0.05207610087332013,0.02081751343010521,1.0,0.07675254778622466,0.05207610087332013,0.9689034267476063,True,True,3,
220,anchor,85,3,636,28,318,14,1774265825.154462,1774265769.128131,1.0,0.03529411764705882,82,20.7654211923972,1.7300194407075062,2.569066583012054,0.08621961805555556,0.0,0.0658845758256692,0.08206794690202207,0.0,-0.21743733929563136,0.13989874445345205,0.0010654548307569996,0.030493657212346776,0.9105691056910569,0.2891638095153609,0.0010654548307569996,0.8511057947856362,False,False,,lower_score_than_best_current
221,anchor,85,1,636,2,318,1,1774265825.154462,1774265766.715578,1.0,0.011764705882352941,84,21.242350738802102,2.160195573035381,2.6317429984287695,0.10258680555555556,-0.17453292519943295,0.022657265316347486,0.17078694877290126,-0.17453292519943295,0.2796690087244214,0.11948661896013243,-0.1319489998552819,0.029055262711093034,0.959349593495935,0.2620815905182134,0.042583925344151036,0.901956975465813,False,False,,lower_score_than_best_current
222,anchor,85,4,636,36,318,18,1774265825.154462,1774265769.865751,1.0,0.047058823529411764,81,20.458950947549802,1.4611523481982613,2.6664187463702693,0.12571585648148145,0.0,0.04144518898322258,0.03239467763280324,0.0,-0.2895486394175448,0.20673404147294436,-0.2221537356239932,0.09196367251377087,0.8292682926829268,0.37410042531863247,0.2221537356239932,0.688786890856093,False,False,,lower_score_than_best_current
223,anchor,85,5,636,48,318,24,1774265825.154462,1774265770.972939,1.0,0.058823529411764705,80,20.23948992240306,1.3177477913537736,2.6101492420913943,0.1497097800925926,0.0,-0.2815867584763658,0.2564010994914591,0.0,-0.863770225163323,0.005927361301286084,0.27206363199532374,0.08845873209417145,0.4796747967479675,0.6337781018673672,0.27206363199532374,0.31423507286729313,False,False,,below_inlier_ratio
